Date,Adj Close,daily_return
2017-01-03,76.92286682128906,
2017-01-04,77.75111389160156,0.010767241322878984
2017-01-05,77.2576904296875,-0.006346191549126634
2017-01-06,77.33699035644531,0.0010264340846428688
2017-01-09,76.18270874023438,-0.014925349575809266
2017-01-10,77.01095581054688,0.01087185115898981
2017-01-11,77.53962707519531,0.00686488382184236
2017-01-12,76.60565185546875,-0.012045134274644154
2017-01-13,78.43840026855469,0.023924454249717453
2017-01-17,75.49542999267578,-0.037519509140967466
2017-01-18,76.3324966430664,0.01108764663598616
2017-01-19,76.98452758789062,0.00854198373561843
2017-01-20,77.69825744628906,0.00927108187529746
2017-01-23,77.57489776611328,-0.0015876762778246345
2017-01-24,79.76008605957031,0.02816875505328187
2017-01-25,81.61927795410156,0.023309803015291175
2017-01-26,82.79119873046875,0.014358382060500663
2017-01-27,81.09941101074219,-0.020434390921603485
2017-01-30,79.31072235107422,-0.02205550739981388
2017-01-31,78.77323913574219,-0.006776930021552774
2017-02-01,78.65867614746094,-0.001454338929542276
2017-02-02,77.15193939208984,-0.01915537902705644
2017-02-03,79.09044647216797,0.02512583734579299
2017-02-06,78.30623626708984,-0.009915359440461513
2017-02-07,79.01112365722656,0.009001676287089921
2017-02-08,78.13880920410156,-0.011040400550552332
2017-02-09,78.94065856933594,0.010261858011425762
2017-02-10,79.49575805664062,0.007031857820354093
2017-02-13,80.44739532470703,0.011970918843095646
2017-02-14,81.61927795410156,0.014567067394345212
2017-02-15,82.21846771240234,0.007341277371232469
2017-02-16,82.4916000366211,0.0033220313126505197
2017-02-17,82.93218231201172,0.005340935018778081
2017-02-21,82.61497497558594,-0.003824900389481689
2017-02-22,82.16559600830078,-0.005439437189419416
2017-02-23,82.26251983642578,0.0011796157130681273
2017-02-24,82.27136993408203,0.00010758359546780838
2017-02-27,83.12217712402344,0.01034147347519676
2017-02-28,81.95231628417969,-0.014073991807243558
2017-03-01,85.16944122314453,0.03925605870380866
2017-03-02,82.81200408935547,-0.02767937771967488
2017-03-03,83.22854614257812,0.005029971896021168
2017-03-06,83.26399230957031,0.0004258895371243021
2017-03-07,82.315673828125,-0.011389298724946095
2017-03-08,81.34078979492188,-0.011843236990790817
2017-03-09,80.82677459716797,-0.006319279651081033
2017-03-10,80.79132080078125,-0.0004386392573922926
2017-03-13,81.05719757080078,0.0032909075799756327
2017-03-14,80.70269012451172,-0.004373546790578442
2017-03-15,80.2418441772461,-0.005710416177634348
2017-03-16,81.27877044677734,0.012922512937773245
2017-03-17,81.21673583984375,-0.0007632325955794217
2017-03-20,79.54170989990234,-0.02062414750630326
2017-03-21,75.46490478515625,-0.05125367709440076
2017-03-22,75.53582000732422,0.0009397112786382333
2017-03-23,75.7662353515625,0.0030504116353795574
2017-03-24,75.79281616210938,0.00035082659740903743
2017-03-27,74.63182830810547,-0.015317914187549464
2017-03-28,76.45751953125,0.024462635641290476
2017-03-29,76.05868530273438,-0.0052164160040872876
2017-03-30,79.24037170410156,0.04183199313402808
2017-03-31,78.85043334960938,-0.004920955645542513
2017-04-03,78.30979919433594,-0.006856451287672205
2017-04-04,78.7795181274414,0.005998213990305423
2017-04-05,77.93756866455078,-0.010687415750990081
2017-04-06,79.08084106445312,0.01466907961708519
2017-04-07,78.7795181274414,-0.0038103152793498296
2017-04-10,78.63772583007812,-0.0017998624608734914
2017-04-11,79.20491027832031,0.007212625266755257
2017-04-12,78.0173568725586,-0.014993431614135355
2017-04-13,76.12960815429688,-0.024196522337271098
2017-04-17,78.07049560546875,0.02549451518571
2017-04-18,77.7957763671875,-0.0035188612055129243
2017-04-19,78.42501068115234,0.00808828375199866
2017-04-20,80.34818267822266,0.024522432070672284
2017-04-21,79.74555206298828,-0.007500239521879171
2017-04-24,81.27877044677734,0.019226381210302845
2017-04-25,82.06753540039062,0.009704440031235162
2017-04-26,85.92276000976562,0.04697624451089166
2017-04-27,84.52246856689453,-0.01629709570213922
2017-04-28,83.65393829345703,-0.010275732455093944
2017-05-01,83.93753051757812,0.003390064232555945
2017-05-02,82.7676773071289,-0.013937188802620626
2017-05-03,83.54759216308594,0.009422939984928824
2017-05-04,82.08525848388672,-0.017503002077483232
2017-05-05,81.8459701538086,-0.002915119407525535
2017-05-08,82.17390441894531,0.004006724638005332
2017-05-09,80.95970916748047,-0.014775922600373748
2017-05-10,81.52690887451172,0.007005950402537708
2017-05-11,80.135498046875,-0.01706689051314836
2017-05-12,79.30241394042969,-0.010395943455146495
2017-05-15,80.19752502441406,0.011287311943073641
2017-05-16,81.40284729003906,0.015029419739051475
2017-05-17,78.36296844482422,-0.037343642715392145
2017-05-18,79.40876770019531,0.01334557988455276
2017-05-19,80.74702453613281,0.01685275914354989
2017-05-22,80.9774398803711,0.0028535459425527154
2017-05-23,82.9892349243164,0.02484389537280207
2017-05-24,83.46781921386719,0.005766823733069026
2017-05-25,83.23738098144531,-0.002760803320276395
2017-05-26,82.37247467041016,-0.010390840038899785
2017-05-30,81.83747863769531,-0.006494839870423652
2017-05-31,81.73046112060547,-0.0013076834583776176
2017-06-01,83.17497253417969,0.017674088629484608
2017-06-02,82.18521118164062,-0.011899749676891447
2017-06-05,82.20306396484375,0.00021722622533237868
2017-06-06,81.87313842773438,-0.004013543062707181
2017-06-07,81.92664337158203,0.000653510356084297
2017-06-08,84.51249694824219,0.031563035787172344
2017-06-09,87.02699279785156,0.02975294708366416
2017-06-12,87.24991607666016,0.002561541788837829
2017-06-13,87.90974426269531,0.007562507973708721
2017-06-14,87.18748474121094,-0.008215921085222289
2017-06-15,86.7505874633789,-0.005011009081507756
2017-06-16,86.30474853515625,-0.005139318836438589
2017-06-19,87.21424865722656,0.01053823963926881
2017-06-20,85.43089294433594,-0.020447985740261854
2017-06-21,83.19281005859375,-0.026197582731582236
2017-06-22,81.44513702392578,-0.02100750092991277
2017-06-23,81.03498077392578,-0.0050359820731777916
2017-06-26,81.8553237915039,0.010123319703952971
2017-06-27,82.10498046875,0.003049974829761881
2017-06-28,83.281982421875,0.01433532955498329
2017-06-29,83.92398071289062,0.007708729695740324
2017-06-30,83.73674011230469,-0.0022310738717995493
2017-07-03,85.45765686035156,0.020551513538010324
2017-07-05,85.39521789550781,-0.0007306421348034497
2017-07-06,84.8780746459961,-0.006055880671731684
2017-07-07,85.10990142822266,0.0027312917168944573
2017-07-10,84.47682189941406,-0.0074383769477456285
2017-07-11,85.21690368652344,0.008760767397127944
2017-07-12,85.27040100097656,0.0006277782005541521
2017-07-13,85.88565063476562,0.007215277828727551
2017-07-14,85.44873809814453,-0.005087142420089341
2017-07-17,85.27931213378906,-0.001982779010274771
2017-07-18,84.77106475830078,-0.0059597968460501916
2017-07-19,85.10990142822266,0.003997079320496422
2017-07-20,84.92264556884766,-0.0022001653888992223
2017-07-21,84.71756744384766,-0.0024148814915774253
2017-07-24,85.79650115966797,0.012735655052128925
2017-07-25,87.38365936279297,0.018499101731098477
2017-07-26,86.05506134033203,-0.015204193005295963
2017-07-27,81.81963348388672,-0.04921764961267028
2017-07-28,81.63240051269531,-0.0022883623797738117
2017-07-31,80.94580078125,-0.008410872731085872
2017-08-01,80.9636459350586,0.00022045805509818273
2017-08-02,82.73807525634766,0.021916371240400245
2017-08-03,82.34571838378906,-0.004742156151722798
2017-08-04,82.25655364990234,-0.0010828095939505733
2017-08-07,81.81963348388672,-0.00531167605046079
2017-08-08,81.5164794921875,-0.003705149715183209
2017-08-09,80.4107894897461,-0.013564005822250591
2017-08-10,77.76254272460938,-0.03293397293996747
2017-08-11,77.2275390625,-0.006879966155479922
2017-08-14,79.02871704101562,0.02332300110013774
2017-08-15,77.93196868896484,-0.01387784584028584
2017-08-16,77.9854507446289,0.0006862659389179626
2017-08-17,75.80978393554688,-0.027898368071327395
2017-08-18,75.98812866210938,0.002352529149985738
2017-08-21,75.79194641113281,-0.0025817486814145862
2017-08-22,76.28238677978516,0.006470877076991233
2017-08-23,75.97029113769531,-0.004091319834955032
2017-08-24,76.27345275878906,0.003990528620513967
2017-08-25,76.73711395263672,0.006078932801350412
2017-08-28,75.99702453613281,-0.009644478119944733
2017-08-29,75.0365219116211,-0.012638687243012314
2017-08-30,75.08140563964844,0.0005981584285077446
2017-08-31,75.58409881591797,0.006695308538604117
2017-09-01,76.40098571777344,0.010807655507608427
2017-09-05,74.51588439941406,-0.024673782682895884
2017-09-06,75.5033187866211,0.013251327487630249
2017-09-07,73.24118041992188,-0.02996078057299989
2017-09-08,75.11731719970703,0.025615873051587856
2017-09-11,77.32560729980469,0.029397882970536582
2017-09-12,79.83010864257812,0.032389029071094866
2017-09-13,80.02759552001953,0.002473839517438403
2017-09-14,79.05810546875,-0.012114446835117088
2017-09-15,79.98270416259766,0.011695178987221277
2017-09-18,80.9970932006836,0.012682604929483032
2017-09-19,80.51233673095703,-0.005984862549641146
2017-09-20,81.53568267822266,0.012710424126494813
2017-09-21,82.30768585205078,0.009468286135222659
2017-09-22,81.6792984008789,-0.007634614491548342
2017-09-25,82.2807388305664,0.007363437755496527
2017-09-26,82.79242706298828,0.00621880940417352
2017-09-27,84.57878875732422,0.021576389987659983
2017-09-28,85.08149719238281,0.005943670303685478
2017-09-29,85.20716857910156,0.0014770707012194961
2017-10-02,86.39209747314453,0.013906446063196576
2017-10-03,85.51236724853516,-0.010182994166600068
2017-10-04,84.48005676269531,-0.012072060674446217
2017-10-05,85.18023681640625,0.008288110597247211
2017-10-06,85.18023681640625,0.0
2017-10-09,85.19817352294922,0.00021057356980147546
2017-10-10,86.84989929199219,0.019386868294753556
2017-10-11,86.25743865966797,-0.006821661707774096
2017-10-12,86.23049926757812,-0.0003123138422430616
2017-10-13,86.28437805175781,0.000624822825303406
2017-10-16,87.18204498291016,0.010403585810329075
2017-10-17,86.03302764892578,-0.01317951803275097
2017-10-18,87.28079223632812,0.01450332066068949
2017-10-19,87.97199249267578,0.007919271109227743
2017-10-20,89.02227020263672,0.011938773696053007
2017-10-23,87.88224029541016,-0.012806120363270557
2017-10-24,88.77991485595703,0.010214516124411599
2017-10-25,89.33645629882812,0.0062687764881737
2017-10-26,90.1892547607422,0.009545917727713293
2017-10-27,91.02409362792967,0.009256522513709342
2017-10-30,88.86068725585938,-0.02376740361638141
2017-10-31,88.42083740234375,-0.004949881292828029
2017-11-01,88.63627624511719,0.0024365166526654214
2017-11-02,88.86068725585938,0.002531819027703719
2017-11-03,87.84632110595703,-0.011415240881286981
2017-11-06,87.79246520996094,-0.0006130694526311764
2017-11-07,85.42261505126953,-0.026993776208741438
2017-11-08,84.34538269042969,-0.012610622610807476
2017-11-09,83.5554428100586,-0.009365537924824974
2017-11-10,83.7978286743164,0.002900898566342569
2017-11-13,85.45849609375,0.019817547133444746
2017-11-14,85.24307250976562,-0.0025207977419594574
2017-11-15,85.05455780029297,-0.0022114959482608665
2017-11-16,85.09944152832031,0.0005277051481795692
2017-11-17,85.62008666992188,0.006118079416870259
2017-11-20,86.00609588623047,0.004508395533360243
2017-11-21,86.60755157470703,0.006993175103217952
2017-11-22,85.70986938476562,-0.010364941320007981
2017-11-24,85.2699966430664,-0.005132113079353351
2017-11-27,85.50341033935547,0.0027373484869022136
2017-11-28,88.42083740234375,0.03412059298464554
2017-11-29,91.03923797607422,0.029612935713511535
2017-11-30,88.85423278808594,-0.02400069724400067
2017-12-01,88.33956146240234,-0.005792310726615235
2017-12-04,87.19290161132812,-0.012980139725532136
2017-12-05,85.1884536743164,-0.022988659626752228
2017-12-06,84.47516632080078,-0.008373052012924043
2017-12-07,85.59477233886719,0.013253670478902801
2017-12-08,85.3509750366211,-0.002848273271653823
2017-12-11,85.48641967773438,0.0015869138115314207
2017-12-12,85.77535247802734,0.0033798678361098844
2017-12-13,84.90856170654297,-0.01010535948198421
2017-12-14,84.24945068359375,-0.0077625979018135505
2017-12-15,85.45933532714844,0.014360742221317446
2017-12-18,86.46154022216797,0.011727272289012936
2017-12-19,86.68726348876953,0.0026106782972123987
2017-12-20,86.64212799072266,-0.000520670467960116
2017-12-21,87.57210540771484,0.010733547738944749
2017-12-22,87.08452606201172,-0.005567747211661422
2017-12-26,86.38932800292969,-0.007983026267915694
2017-12-27,86.01912689208984,-0.004285264388528276
2017-12-28,86.24485778808594,0.002624194224608578
2017-12-29,85.45933532714844,-0.009108049814026242
2018-01-02,85.97398376464844,0.0060221441640033735
2018-01-03,85.89273071289062,-0.000945088830363372
2018-01-04,85.55863952636719,-0.003889632844951585
2018-01-05,86.4254379272461,0.010131044692591074
2018-01-08,86.32610321044922,-0.0011493689725992073
2018-01-09,87.770751953125,0.01673478460106037
2018-01-10,89.61265563964844,0.020985392577098194
2018-01-11,91.31009674072266,0.018941979667470132
2018-01-12,91.1024398803711,-0.0022741938489148072
2018-01-16,90.83157348632812,-0.002973206803227768
2018-01-17,91.42749786376952,0.006560762459224545
2018-01-18,90.4252700805664,-0.010961995095791321
2018-01-19,91.65321350097656,0.013579648911372866
2018-01-22,92.10466766357422,0.004925677402384254
2018-01-23,92.16786193847656,0.0006861137063451928
2018-01-24,92.3394012451172,0.0018611618305210964
2018-01-25,96.3302230834961,0.04321905692008077
2018-01-26,95.93294525146484,-0.004124124488810721
2018-01-29,96.8900146484375,0.009976441299325511
2018-01-30,96.25799560546876,-0.006523056532316551
2018-01-31,96.0774154663086,-0.0018760014482361864
2018-02-01,96.51983642578124,0.004604838268446043
2018-02-02,95.19259643554688,-0.01375095565205331
2018-02-05,92.2491226196289,-0.030921247304257937
2018-02-06,93.39580535888672,0.012430283418368493
2018-02-07,93.48609161376952,0.0009667056730853218
2018-02-08,90.97604370117188,-0.026849426147449895
2018-02-09,92.17688751220705,0.013199560699513002
2018-02-12,93.82919311523438,0.01792537855879006
2018-02-13,94.70499420166016,0.009333993582894662
2018-02-14,97.43174743652344,0.028792074355203034
2018-02-15,97.4498062133789,0.00018534797261260394
2018-02-16,98.5062026977539,0.010840416471038283
2018-02-20,95.67110443115234,-0.028780911140189658
2018-02-21,96.39344787597656,0.00755027810245501
2018-02-22,94.4973373413086,-0.01967053338633118
2018-02-23,96.19478607177734,0.017962926556732928
2018-02-26,96.97128295898438,0.008072130714315895
2018-02-27,95.7367935180664,-0.012730464146175291
2018-02-28,94.3933563232422,-0.014032611135766593
2018-03-01,95.08322143554688,0.007308407489424296
2018-03-02,96.3268051147461,0.01307889720629829
2018-03-05,98.00606536865234,0.017432948719786623
2018-03-06,98.96826171875,0.00981772246930146
2018-03-07,99.10441589355467,0.0013757357403285653
2018-03-08,98.41453552246094,-0.006961146633816195
2018-03-09,99.85781860351562,0.014665344640327982
2018-03-12,100.4569091796875,0.005999435843382139
2018-03-13,99.69442749023438,-0.0075901368624557985
2018-03-14,98.93194580078124,-0.0076481876534957305
2018-03-15,99.11349487304688,0.0018350904836261783
2018-03-16,99.48566436767578,0.0037549830636647297
2018-03-19,98.63241577148438,-0.008576598463855056
2018-03-20,98.46902465820312,-0.0016565660691085782
2018-03-21,98.4599380493164,-9.227885538887204e-05
2018-03-22,95.88201904296876,-0.026182415482085886
2018-03-23,91.96067810058594,-0.04089756329208616
2018-03-26,95.99095153808594,0.04382605175107246
2018-03-27,93.73072052001952,-0.023546292456217977
2018-03-28,95.0287628173828,0.013848632445816245
2018-03-29,96.28141784667967,0.013181851390658528
2018-04-02,93.54918670654295,-0.028377554062275823
2018-04-03,95.3373794555664,0.01911500048239745
2018-04-04,96.52650451660156,0.012472810432023307
2018-04-05,97.7700653076172,0.012883101871794755
2018-04-06,95.01060485839844,-0.028223980832339457
2018-04-09,94.83814239501952,-0.0018151917213447
2018-04-10,96.0635757446289,0.012921313288752678
2018-04-11,95.35554504394533,-0.0073704387453343845
2018-04-12,97.12559509277344,0.018562633646657556
2018-04-13,95.31016540527344,-0.018691568229424194
2018-04-16,95.70046997070312,0.004095099025062554
2018-04-17,94.42060089111328,-0.013373696910596644
2018-04-18,94.2481460571289,-0.0018264534683829492
2018-04-19,96.9440460205078,0.02860427579917335
2018-04-20,97.84269714355467,0.009269791801930438
2018-04-23,98.78670501708984,0.009648220062352886
2018-04-24,99.3313446044922,0.005513288324660026
2018-04-25,99.46749877929688,0.0013707070547248623
2018-04-26,102.5083465576172,0.03057127017004313
2018-04-27,105.422119140625,0.02842473496897191
2018-04-30,103.8880844116211,-0.014551355460400317
2018-05-01,105.25872802734376,0.013193463172272546
2018-05-02,104.53256225585938,-0.0068988651591509464
2018-05-03,103.28897857666016,-0.011896615297301905
2018-05-04,104.63240814208984,0.013006514189048746
2018-05-07,105.29503631591795,0.006332915256315852
2018-05-08,106.15735626220705,0.008189559322643314
2018-05-09,107.33740234375,0.011116008565890123
2018-05-10,107.9728012084961,0.005919640785708724
2018-05-11,107.89109802246094,-0.0007567015500263841
2018-05-14,107.6460189819336,-0.002271540887241019
2018-05-15,107.75494384765624,0.0010118801118035314
2018-05-16,107.89109802246094,0.0012635538560272774
2018-05-17,108.49927520751952,0.0056369542641225845
2018-05-18,107.94557189941406,-0.005103290386469617
2018-05-21,109.62482452392578,0.015556475314026708
2018-05-22,108.58097839355467,-0.00952198678451055
2018-05-23,107.28292846679688,-0.011954671490000623
2018-05-24,106.72013854980467,-0.005245847825326444
2018-05-25,105.92137145996094,-0.007484689400688582
2018-05-29,103.42514038085938,-0.023566831175757197
2018-05-30,105.53437042236328,0.020393784661415504
2018-05-31,104.30170440673828,-0.011680232806541624
2018-06-01,105.76264190673828,0.014006842057948443
2018-06-04,107.1322784423828,0.012950097604901512
2018-06-05,105.7352523803711,-0.013040197429974754
2018-06-06,107.97230529785156,0.02115711522050301
2018-06-07,107.45185089111328,-0.0048202583551639755
2018-06-08,107.26923370361328,-0.0016995257502363526
2018-06-11,105.38826751708984,-0.0175350016177106
2018-06-12,104.27430725097656,-0.010570059574540824
2018-06-13,104.18299102783205,-0.0008757308061009272
2018-06-14,103.70819854736328,-0.004557293621392788
2018-06-15,103.6808090209961,-0.00026410184296743466
2018-06-18,103.66254425048828,-0.00017616346438920072
2018-06-19,104.0825653076172,0.0040518111933851575
2018-06-20,104.16474151611328,0.0007895290460337989
2018-06-21,103.72645568847656,-0.004207621708242959
2018-06-22,103.18773651123048,-0.005193652609359556
2018-06-25,102.45726776123048,-0.00707902677873451
2018-06-26,101.24286651611328,-0.011852758439228284
2018-06-27,99.3162612915039,-0.01902954045955174
2018-06-28,99.4349594116211,0.0011951529243412473
2018-06-29,98.8323211669922,-0.006060627451299205
2018-07-02,100.00108337402344,0.01182570836372876
2018-07-03,98.97842407226562,-0.010226482226526223
2018-07-05,99.04232025146484,0.0006455566432597148
2018-07-06,99.55365753173828,0.005162816046465402
2018-07-09,102.31118774414062,0.027698934230751204
2018-07-10,101.52593231201172,-0.007675166806709988
2018-07-11,102.03724670410156,0.005036293491188726
2018-07-12,101.65375518798828,-0.003758348333578354
2018-07-13,101.39808654785156,-0.0025150929216919415
2018-07-16,102.07376098632812,0.006663581744786651
2018-07-17,102.95947265625,0.008677172873452932
2018-07-18,104.28343963623048,0.01285910801428436
2018-07-19,104.6852035522461,0.0038526147336248595
2018-07-20,105.55261993408205,0.008285950185911828
2018-07-23,105.87220764160156,0.0030277572240187123
2018-07-24,104.12820434570312,-0.016472720601068747
2018-07-25,104.00951385498048,-0.0011398495870397207
2018-07-26,100.83197021484376,-0.030550509490575473
2018-07-27,102.06464385986328,0.01222502785964652
2018-07-30,102.00985717773438,-0.0005367841404916307
2018-07-31,100.88677215576172,-0.01100957351617382
2018-08-01,102.80422973632812,0.019006035574277158
2018-08-02,104.34735107421876,0.015010290353309585
2018-08-03,102.66729736328124,-0.01610058802300174
2018-08-06,102.8498992919922,0.0017785792886400031
2018-08-07,102.47553253173828,-0.0036399331728180773
2018-08-08,102.66729736328124,0.001871323103235012
2018-08-09,101.69940948486328,-0.009427421421186799
2018-08-10,101.78158569335938,0.0008080303407103084
2018-08-13,100.87762451171876,-0.00888138237857683
2018-08-14,102.2107391357422,0.013215166698028025
2018-08-15,101.10591888427734,-0.010809238449959624
2018-08-16,103.0142593383789,0.018874666044881083
2018-08-17,103.98211669921876,0.009395372709137817
2018-08-20,103.81776428222656,-0.001580583490790155
2018-08-21,104.07341766357422,0.0024625205822450535
2018-08-22,103.62601470947266,-0.0042989167084704905
2018-08-23,103.20598602294922,-0.004053313134747438
2018-08-24,102.93207550048828,-0.0026540177853640046
2018-08-27,102.47553253173828,-0.004435380968761615
2018-08-28,101.9733428955078,-0.004900580888173911
2018-08-29,103.13294982910156,0.011371667346259384
2018-08-30,102.51753997802734,-0.005967150673901966
2018-08-31,101.856201171875,-0.006450982010435369
2018-09-04,102.35220336914062,0.004869631809934161
2018-09-05,102.9859848022461,0.006192162085848718
2018-09-06,102.2970962524414,-0.006689148539264722
2018-09-07,102.2511749267578,-0.000448901556015735
2018-09-10,100.87335968017578,-0.013474810901380252
2018-09-11,101.32344818115234,0.004461916430696711
2018-09-12,98.76992797851562,-0.025201670970290913
2018-09-13,98.47598266601562,-0.002976060816445414
2018-09-14,98.9352569580078,0.004663820350489178
2018-09-17,98.9352569580078,0.0
2018-09-18,99.22917175292967,0.0029707791131186045
2018-09-19,100.01911163330078,0.00796076261059575
2018-09-20,101.27751922607422,0.012581671364840119
2018-09-21,100.51514434814452,-0.007527582466034799
2018-09-24,98.55867004394533,-0.019464472909900388
2018-09-25,98.4484405517578,-0.0011184149718982406
2018-09-26,96.44602966308594,-0.020339691288650985
2018-09-27,95.85816955566406,-0.0060952235097229135
2018-09-28,95.93165588378906,0.0007666151822598444
2018-10-01,95.38052368164062,-0.005745050443162092
2018-10-02,95.61016845703124,0.0024076694751342664
2018-10-03,97.41049194335938,0.01882983280316286
2018-10-04,98.2922821044922,0.009052311958813952
2018-10-05,96.73078155517578,-0.015886298658285614
2018-10-08,97.9432373046875,0.012534332195177411
2018-10-09,97.59418487548828,-0.0035638236881364582
2018-10-10,95.9224624633789,-0.01712932398833167
2018-10-11,93.13932800292967,-0.029014418406030473
2018-10-12,91.2655029296875,-0.020118516135130715
2018-10-15,91.42164611816406,0.0017108675618306979
2018-10-16,91.8717269897461,0.004923132438463096
2018-10-17,92.28507995605467,0.004499240189037801
2018-10-18,90.16326904296876,-0.022991917156015895
2018-10-19,88.54663848876953,-0.01793003482858191
2018-10-22,86.83817291259766,-0.019294527780278847
2018-10-23,87.08616638183594,0.00285581168880511
2018-10-24,84.27546691894531,-0.03227492470580118
2018-10-25,84.58776092529297,0.003705633653124929
2018-10-26,85.57978057861328,0.011727697275217608
2018-10-29,87.72915649414062,0.02511546420188515
2018-10-30,89.25392150878906,0.01738036789114994
2018-10-31,89.94281768798828,0.007718385562828001
2018-11-01,91.21039581298828,0.014093155602454388
2018-11-02,91.86254119873048,0.007149901937486547
2018-11-05,92.1748504638672,0.0033997455443899316
2018-11-06,93.49754333496094,0.014349823888374358
2018-11-07,94.14051055908205,0.006876835488796029
2018-11-08,94.7191925048828,0.006147002415475278
2018-11-09,94.6365203857422,-0.0008728127526671514
2018-11-12,93.33220672607422,-0.013782350136623212
2018-11-13,92.70759582519533,-0.006692340434123589
2018-11-14,90.78785705566406,-0.020707459323516808
2018-11-15,92.9372329711914,0.023674707006351214
2018-11-16,93.10256958007812,0.001779013680534014
2018-11-19,92.8086395263672,-0.0031570562986246165
2018-11-20,90.1999969482422,-0.0281077558235715
2018-11-21,90.4296417236328,0.0025459510328185164
2018-11-23,90.17244720458984,-0.002844139533682788
2018-11-26,92.14729309082033,0.02190076844371114
2018-11-27,91.49513244628906,-0.007077371701939117
2018-11-28,92.02789306640624,0.005822830197332429
2018-11-29,91.84294128417967,-0.0020097361361202104
2018-11-30,92.76765441894533,0.010068418125944056
2018-12-03,93.60916137695312,0.0090711246638564
2018-12-04,88.68965911865234,-0.05255364096779502
2018-12-06,88.08858489990234,-0.006777275104258296
2018-12-07,87.59848022460938,-0.005563770559487202
2018-12-10,86.24839782714844,-0.015412166900603985
2018-12-11,85.7675552368164,-0.005575090116986203
2018-12-12,87.94063568115234,0.02533685888953885
2018-12-13,86.0172119140625,-0.021871842888009474
2018-12-14,85.1942138671875,-0.009567829839651543
2018-12-17,85.1664810180664,-0.0003255250311285929
2018-12-18,82.82695007324219,-0.027470090543343373
2018-12-19,80.57064056396484,-0.027241248256541284
2018-12-20,80.42268371582031,-0.0018363618199990217
2018-12-21,78.97087097167969,-0.01805227924587438
2018-12-24,76.49263763427734,-0.0313816133329855
2018-12-26,80.02506256103516,0.04617993359892836
2018-12-27,80.08977508544922,0.0008086532186677431
2018-12-28,80.66310119628906,0.007158543150210583
2018-12-31,81.31965637207031,0.008139473514458206
2019-01-02,82.30912017822266,0.012167584693485889
2019-01-03,82.32759094238281,0.00022440726033967628
2019-01-04,85.00003051757812,0.032461044281808515
2019-01-07,85.39765930175781,0.004677984016693504
2019-01-08,86.53507232666016,0.013319018743631172
2019-01-09,87.58924102783203,0.012181982089210175
2019-01-10,86.52581787109375,-0.01214102490510649
2019-01-11,86.62753295898438,0.0011755461016520474
2019-01-14,87.53376770019531,0.010461278421030507
2019-01-15,87.72795104980469,0.002218382170803501
2019-01-16,89.93802642822266,0.025192374288592223
2019-01-17,90.40961456298828,0.0052434787986146425
2019-01-18,92.37928009033205,0.021786018410370422
2019-01-22,91.60250091552734,-0.008408586579643607
2019-01-23,91.29735565185548,-0.0033311892210591276
2019-01-24,91.02918243408205,-0.0029373601881313993
2019-01-25,91.77820587158205,0.008228388056131353
2019-01-28,92.39775848388672,0.0067505417699227355
2019-01-29,92.35154724121094,-0.0005001338066424887
2019-01-30,91.7504653930664,-0.006508627804302836
2019-01-31,89.95651245117188,-0.019552521441816073
2019-02-01,91.02918243408205,0.011924317135931783
2019-02-04,92.0741195678711,0.011479144444098699
2019-02-05,92.28681182861328,0.0023100113445604364
2019-02-06,91.82445526123048,-0.005009996100433511
2019-02-07,92.4532470703125,0.006847759753032756
2019-02-08,91.08467864990234,-0.01480281616684953
2019-02-11,92.15735626220705,0.011776707435371181
2019-02-12,93.84033966064452,0.018262062484182273
2019-02-13,93.7016143798828,-0.0014783117928109935
2019-02-14,93.3594741821289,-0.003651379968404811
2019-02-15,94.95923614501952,0.01713550742337877
2019-02-19,96.62372589111328,0.01752846604148961
2019-02-20,97.74263763427734,0.011580093117346646
2019-02-21,97.35425567626952,-0.003973516240282304
2019-02-22,97.35425567626952,0.0
2019-02-25,97.20629119873048,-0.0015198562868279364
2019-02-26,95.74525451660156,-0.015030268762563415
2019-02-27,96.65737915039062,0.009526577984404483
2019-02-28,96.4991455078125,-0.0016370570355722647
2019-03-01,97.02037048339844,0.005401342911826479
2019-03-04,97.00174713134766,-0.00019195300902263845
2019-03-05,97.42058563232422,0.00431784491891074
2019-03-06,95.56841278076172,-0.019012130131847105
2019-03-07,93.7813949584961,-0.01869883333068556
2019-03-08,94.18161010742188,0.004267532479154346
2019-03-11,94.68419647216795,0.0053363535001456075
2019-03-12,94.2374496459961,-0.004718282911163274
2019-03-13,94.3491439819336,0.001185243619782561
2019-03-14,94.76797485351562,0.004439159211261368
2019-03-15,95.26126098632812,0.005205198629336438
2019-03-18,96.61082458496094,0.014166971806372608
2019-03-19,94.20952606201172,-0.024855377575599524
2019-03-20,91.38938903808594,-0.029934733161373517
2019-03-21,90.21663665771484,-0.012832478613927
2019-03-22,87.27549743652344,-0.03260085201746321
2019-03-25,87.75019073486328,0.00543902140099628
2019-03-26,89.99327850341797,0.025562198210282716
2019-03-27,89.25799560546875,-0.008170420171116355
2019-03-28,90.7006378173828,0.016162610443222425
2019-03-29,90.34695434570312,-0.0038994595869522586
2019-04-01,92.96233367919922,0.028948173764536955
2019-04-02,92.8413543701172,-0.0013013798631551499
2019-04-03,93.61384582519533,0.008320553489542526
2019-04-04,94.47013854980467,0.00914707345971344
2019-04-05,95.03787994384766,0.006009744483900237
2019-04-08,95.07511901855467,0.00039183402164510994
2019-04-09,94.02338409423828,-0.011062146807422235
2019-04-10,94.19090270996094,0.0017816697126615821
2019-04-11,94.52599334716795,0.0035575690174542984
2019-04-12,96.75045776367188,0.023532833009583642
2019-04-15,95.43811798095705,-0.01356417130263532
2019-04-16,96.8714370727539,0.015018308429791682
2019-04-17,96.91798400878906,0.0004805021732070536
2019-04-18,95.41950225830078,-0.015461338427679161
2019-04-22,94.43289947509766,-0.010339634559530464
2019-04-23,96.4246826171875,0.021092046873082415
2019-04-24,95.58702850341795,-0.008687133740383546
2019-04-25,91.5383071899414,-0.04235638848561729
2019-04-26,93.06470489501952,0.016674961029275348
2019-04-29,95.0564956665039,0.02140221444565049
2019-04-30,94.64697265625,-0.004308206476395626
2019-05-01,93.12985229492188,-0.016029253960802126
2019-05-02,94.90757751464844,0.019088672170303633
2019-05-03,96.06169891357422,0.012160476846515778
2019-05-06,95.92208862304688,-0.0014533398025049493
2019-05-07,94.31190490722656,-0.016786370469350276
2019-05-08,93.56730651855467,-0.007895062552329302
2019-05-09,94.01406860351562,0.004774766973465905
2019-05-10,94.06060791015624,0.0004950249184181299
2019-05-13,90.59825134277344,-0.03680984680313715
2019-05-14,91.70582580566406,0.01222511965159434
2019-05-15,90.22595977783205,-0.01613709941359709
2019-05-16,91.83614349365234,0.017846124549798503
2019-05-17,91.16600799560548,-0.00729707795377077
2019-05-20,92.2363510131836,0.011740593244246256
2019-05-21,92.8413543701172,0.006559272459153664
2019-05-22,91.03569793701172,-0.01944883770121597
2019-05-23,88.6995620727539,-0.025661755961647104
2019-05-24,89.80712127685547,0.012486636666741546
2019-05-28,88.51339721679688,-0.014405584341917965
2019-05-29,88.978759765625,0.005257537993805794
2019-05-30,87.3002700805664,-0.018863936623524813
2019-05-31,85.58426666259766,-0.019656335729375307
2019-06-03,86.30631256103516,0.008436666300875695
2019-06-04,89.2319564819336,0.033898377002602675
2019-06-05,88.48178100585938,-0.008407027097137587
2019-06-06,87.7972640991211,-0.007736246930799773
2019-06-07,86.86894226074219,-0.010573471142914515
2019-06-10,87.43154907226562,0.006476501231415188
2019-06-11,87.15025329589844,-0.003217325774871993
2019-06-12,87.03771209716797,-0.0012913467772532883
2019-06-13,87.16899108886719,0.0015083001211320113
2019-06-14,86.70951080322266,-0.005271143785249288
2019-06-17,85.42487335205078,-0.014815415740116578
2019-06-18,86.91582489013672,0.017453365507976493
2019-06-19,87.63785552978516,0.008307240258734305
2019-06-20,87.45968627929688,-0.0020330170040243623
2019-06-21,86.65326690673828,-0.009220469531337483
2019-06-24,85.60302734375,-0.01212002271211099
2019-06-25,85.10604858398438,-0.005805621310213005
2019-06-26,86.13752746582031,0.012119924482430378
2019-06-27,87.0002212524414,0.010015307056072897
2019-06-28,87.82538604736328,0.009484628694535813
2019-07-01,87.94728088378906,0.0013879225803805628
2019-07-02,86.94395446777344,-0.011408271022516181
2019-07-03,87.59097290039062,0.00744178748916946
2019-07-05,88.92250061035156,0.01520165452980149
2019-07-08,86.47509002685547,-0.027522961755432118
2019-07-09,87.80663299560547,0.015397994594009479
2019-07-10,86.62512969970703,-0.013455740820372486
2019-07-11,86.85018920898438,0.002598085683190643
2019-07-12,88.01293182373047,0.013387911129913999
2019-07-15,86.1656494140625,-0.02098876121258686
2019-07-16,86.25941467285156,0.0010881976684058436
2019-07-17,85.42487335205078,-0.009674785343325998
2019-07-18,85.87496948242188,0.005268911883733907
2019-07-19,86.40945434570312,0.006223988974932482
2019-07-22,86.13752746582031,-0.0031469574937356137
2019-07-23,87.02833557128906,0.010341695793650851
2019-07-24,89.86956787109375,0.032647209453722015
2019-07-25,87.90039825439453,-0.021911417439146263
2019-07-26,89.51325988769531,0.01834874090823746
2019-07-29,88.13482666015625,-0.015399207103712564
2019-07-30,89.13818359375,0.011384341146578159
2019-07-31,89.02565002441406,-0.0012624619977541496
2019-08-01,84.34649658203125,-0.05255960996746012
2019-08-02,83.40880584716797,-0.011117127241335178
2019-08-05,80.56755828857422,-0.034064119846048846
2019-08-06,81.767822265625,0.014897608945175111
2019-08-07,81.13017272949219,-0.007798294224608204
2019-08-08,82.7899169921875,0.020457792789734475
2019-08-09,82.56487274169922,-0.0027182567474915986
2019-08-12,80.72695922851562,-0.022260235523325123
2019-08-13,81.58028411865234,0.010570507031253173
2019-08-14,78.52336883544922,-0.03747125075903235
2019-08-15,77.00428771972656,-0.01934559276113057
2019-08-16,79.4610595703125,0.03190435134635461
2019-08-19,80.3800048828125,0.011564725130387421
2019-08-20,79.11412811279297,-0.01574865256434199
2019-08-21,79.15162658691406,0.0004739794903336758
2019-08-22,79.34854888916016,0.002487912260777936
2019-08-23,76.80735778808594,-0.03202567830980674
2019-08-26,77.24807739257812,0.005737986791684024
2019-08-27,75.31641387939453,-0.025005975273232894
2019-08-28,76.70421600341797,0.01842629053270839
2019-08-29,77.65958404541016,0.012455222043461278
2019-08-30,78.52037048339844,0.011084097971538753
2019-09-03,76.52449035644531,-0.025418628499404683
2019-09-04,76.96907043457031,0.005809644416502113
2019-09-05,78.93656921386719,0.02556220009139132
2019-09-06,78.54875946044922,-0.004912928915966064
2019-09-09,81.11217498779297,0.032634704162762374
2019-09-10,83.98776245117188,0.035451983180227575
2019-09-11,85.7376937866211,0.020835551327689883
2019-09-12,85.17960357666016,-0.006509274804497034
2019-09-13,85.5579833984375,0.004442141145172274
2019-09-16,86.12551879882812,0.0066333424170093025
2019-09-17,84.41342163085938,-0.01987909265275789
2019-09-18,85.1134033203125,0.00829230323720509
2019-09-19,83.67560577392578,-0.016892727705597244
2019-09-20,83.72290802001953,0.0005653050928791092
2019-09-23,83.88371276855469,0.001920678012004906
2019-09-24,82.89995574951172,-0.011727628482030461
2019-09-25,84.56475830078125,0.020082068032700295
2019-09-26,83.37291717529297,-0.014093827611368792
2019-09-27,83.2783203125,-0.0011346234004752098
2019-09-30,83.7607421875,0.005792886710367373
2019-10-01,81.6135025024414,-0.025635394684683677
2019-10-02,80.15680694580078,-0.017848707774758776
2019-10-03,79.05953216552734,-0.013689102923166274
2019-10-04,79.86357116699219,0.010170045021028251
2019-10-07,80.13788604736328,0.0034347935656109385
2019-10-08,77.7920150756836,-0.029272933033112736
2019-10-09,79.4852066040039,0.021765621145988012
2019-10-10,80.21356964111328,0.009163504357962982
2019-10-11,82.60671997070312,0.029834731708078044
2019-10-14,82.60671997070312,0.0
2019-10-15,84.83908081054688,0.02702396173865118
2019-10-16,84.9431381225586,0.001226525688604374
2019-10-17,84.8201675415039,-0.001447681163807002
2019-10-18,86.1160659790039,0.01527818766528477
2019-10-21,87.30792236328125,0.013840116483815335
2019-10-22,87.85655212402344,0.0062838485430838364
2019-10-23,89.14299011230469,0.014642482059451067
2019-10-24,87.41197204589844,-0.01941844293337558
2019-10-25,87.81869506835938,0.004652944132725656
2019-10-28,88.67002868652344,0.009694218497569018
2019-10-29,88.93489074707031,0.0029870528347661907
2019-10-30,88.11195373535156,-0.009253252630164854
2019-10-31,85.2079849243164,-0.0329577167220394
2019-11-01,86.0971450805664,0.010435174086557364
2019-11-04,87.93221282958984,0.02131392100523488
2019-11-05,89.98484802246094,0.023343381530145813
2019-11-06,88.38627624511719,-0.017764899452235916
2019-11-07,89.24703979492188,0.009738656116901945
2019-11-08,89.06730651855469,-0.0020138850182616075
2019-11-11,88.49031829833984,-0.006478114616552899
2019-11-12,88.84976959228516,0.004062040919928123
2019-11-13,88.08357238769531,-0.008623513691771834
2019-11-14,88.19707489013672,0.0012885774198829747
2019-11-15,88.81192016601562,0.006971266072540283
2019-11-18,88.4146499633789,-0.004473163083222431
2019-11-19,89.10515594482422,0.007809859358503646
2019-11-20,88.61328887939453,-0.005520074121572294
2019-11-21,88.11195373535156,-0.005657561640955433
2019-11-22,88.3578872680664,0.0027911483321947372
2019-11-25,89.2659683227539,0.0102773061100081
2019-11-26,88.8686752319336,-0.004450666903470291
2019-11-27,89.3452377319336,0.005362547587845157
2019-11-29,89.17367553710938,-0.001920216445547629
2019-12-02,88.6971206665039,-0.005344120534845009
2019-12-03,88.09664916992188,-0.006769909688948861
2019-12-04,89.22132873535156,0.012766428417275932
2019-12-05,89.90757751464844,0.007691532832159842
2019-12-06,90.4127197265625,0.00561846093374907
2019-12-09,90.52710723876952,0.0012651705706117067
2019-12-10,90.83209991455078,0.003369075684444889
2019-12-11,90.56522369384766,-0.0029381267300236935
2019-12-12,93.3769302368164,0.03104620546705239
2019-12-13,92.09021759033205,-0.01377977026253796
2019-12-16,93.10052490234376,0.010970842923904378
2019-12-17,94.40628814697266,0.014025304862658405
2019-12-18,93.50082397460938,-0.009591142604332137
2019-12-19,94.08223724365234,0.0062182689341951924
2019-12-20,93.64379119873048,-0.004660242547021687
2019-12-23,93.27208709716795,-0.003969340591665094
2019-12-24,93.31019592285156,0.0004085769587627297
2019-12-26,93.72005462646484,0.004392432140557734
2019-12-27,93.38646697998048,-0.003559405164816898
2019-12-30,93.52942657470705,0.001530838453897232
2019-12-31,93.19583129882812,-0.0035667413785805957
2020-01-02,93.26254272460938,0.0007158198478571798
2020-01-03,92.33802032470705,-0.009913115950873297
2020-01-06,91.28006744384766,-0.011457391842916831
2020-01-07,91.08943939208984,-0.002088386403472864
2020-01-08,91.45162200927734,0.003976120828107277
2020-01-09,91.17523193359376,-0.003022254494901566
2020-01-10,89.81227111816406,-0.014948805574987678
2020-01-13,90.52710723876952,0.007959225523480606
2020-01-14,91.01318359375,0.005369401163989762
2020-01-15,90.24117279052734,-0.008482406314547108
2020-01-16,91.81381225585938,0.017427072551267964
2020-01-17,91.63272094726562,-0.001972375442695906
2020-01-21,90.33647918701172,-0.014146057727565386
2020-01-22,90.5461654663086,0.0023211694897118385
2020-01-23,90.57476043701172,0.0003158054298142421
2020-01-24,89.12602233886719,-0.015994942643563714
2020-01-27,87.66775512695312,-0.01636185676916635
2020-01-28,88.52556610107422,0.00978479456761372
2020-01-29,87.59149169921875,-0.010551464881783268
2020-01-30,88.33493041992188,0.008487567756649605
2020-01-31,84.9799575805664,-0.03798013790701793
2020-02-03,86.40011596679688,0.016711686221825506
2020-02-04,87.96321868896484,0.01809144240927485
2020-02-05,89.69788360595703,0.019720343830594844
2020-02-06,88.32540893554688,-0.015301081979140596
2020-02-07,87.5057144165039,-0.009280393138526133
2020-02-10,88.1538314819336,0.007406568471000963
2020-02-11,88.83055114746094,0.007676576890092823
2020-02-12,88.99258422851562,0.0018240692977995465
2020-02-13,89.40242767333984,0.004605366260314714
2020-02-14,89.2117919921875,-0.002132332265616932
2020-02-18,88.17290496826172,-0.011645176054940753
2020-02-19,88.63993835449219,0.005296790282667718
2020-02-20,89.95523071289062,0.01483859739543436
2020-02-21,88.63993835449219,-0.014621632871983259
2020-02-24,86.37152099609375,-0.02559136886271851
2020-02-25,84.81792449951172,-0.01798736989536509
2020-02-26,83.2071533203125,-0.018990928965828324
2020-02-27,79.46913146972656,-0.04492428476907662
2020-02-28,75.3275146484375,-0.052116044867896893
2020-03-02,78.62350463867188,0.04375545915217249
2020-03-03,75.40438842773438,-0.040943433210354985
2020-03-04,76.14430236816406,0.009812611120622039
2020-03-05,71.56065368652344,-0.06019687014109476
2020-03-06,66.13138580322266,-0.07586945623895613
2020-03-09,52.00567245483398,-0.213600746102924
2020-03-10,58.78986358642578,0.13045098373612518
2020-03-11,54.24464797973633,-0.07731291296513432
2020-03-12,51.02552032470703,-0.059344613246118505
2020-03-13,59.81805801391602,0.17231647287977903
2020-03-16,54.31191253662109,-0.09204821520641793
2020-03-17,60.94234848022461,0.12208069342306427
2020-03-18,54.44644165039063,-0.10659101580146446
2020-03-19,55.36893844604492,0.016943197162043955
2020-03-20,51.006309509277344,-0.07879199166909812
2020-03-23,47.29710388183594,-0.07272052542375673
2020-03-24,51.30419540405274,0.08472171006977236
2020-03-25,52.19786071777344,0.017418951933316995
2020-03-26,55.67643356323242,0.06664205769403364
2020-03-27,53.08191680908203,-0.04659990929921487
2020-03-30,54.13894653320313,0.019913179245634405
2020-03-31,53.61043167114258,-0.009762193317456203
2020-04-01,51.28497695922852,-0.04337690705754571
2020-04-02,53.15879440307617,0.03653735567313077
2020-04-03,53.03387069702149,-0.002350010143334802
2020-04-06,55.99354553222656,0.05580725668909725
2020-04-07,59.68352890014648,0.0659001556848402
2020-04-08,63.49842834472656,0.06391879828289992
2020-04-09,68.15895843505861,0.07339599123667284
2020-04-13,63.64257049560547,-0.06626257271458047
2020-04-14,61.66305160522461,-0.031103691679416734
2020-04-15,58.04033279418945,-0.05875023562291892
2020-04-16,54.64823913574219,-0.05844373205914588
2020-04-17,59.904541015625,0.09618428631939158
2020-04-20,58.9147834777832,-0.016522245577069605
2020-04-21,56.56050109863281,-0.03996080847921968
2020-04-22,56.59893798828125,0.0006795712361424844
2020-04-23,57.93463134765625,0.02359926540762225
2020-04-24,60.06789779663086,0.03682195604513683
2020-04-27,63.87319946289063,0.06335000567429883
2020-04-28,65.67013549804689,0.028132864022261117
2020-04-29,70.95526885986328,0.0804800130490606
2020-04-30,69.05261993408203,-0.026814765927234863
2020-05-01,65.55482482910156,-0.05065405350759289
2020-05-04,64.61310577392578,-0.01436536605247285
2020-05-05,63.84436798095703,-0.011897552110534337
2020-05-06,62.44140625,-0.021974714063666467
2020-05-07,63.06600570678711,0.010002969092117509
2020-05-08,65.91997528076172,0.04525369162022996
2020-05-11,64.11343383789061,-0.02740506857256564
2020-05-12,60.625244140625,-0.05440653367725434
2020-05-13,56.73346328735352,-0.06419406483946166
2020-05-14,60.70211791992188,0.06995262412356573
2020-05-15,61.73030853271485,0.0169382988275526
2020-05-18,67.28450012207031,0.08997511467826125
2020-05-19,64.97826385498047,-0.03427589211342541
2020-05-20,67.3421630859375,0.03637984597792299
2020-05-21,67.64004516601561,0.00442341122452472
2020-05-22,65.87194061279297,-0.026139907932985706
2020-05-26,70.83995056152344,0.07541921343919888
2020-05-27,75.91368103027344,0.07162244508264504
2020-05-28,74.12952423095703,-0.02350244086576314
2020-05-29,73.66410827636719,-0.0062784155087762805
2020-06-01,73.66410827636719,0.0
2020-06-02,72.76233673095703,-0.01224166784218661
2020-06-03,75.44824981689453,0.03691350782024516
2020-06-04,78.04690551757812,0.03444288909272619
2020-06-05,80.277099609375,0.028575048261132885
2020-06-08,83.57389831542969,0.04106773565682831
2020-06-09,83.01150512695312,-0.006729292276805632
2020-06-10,77.15483093261719,-0.07055255997803034
2020-06-11,71.239990234375,-0.07666196175593831
2020-06-12,73.1017074584961,0.026133035925414383
2020-06-15,75.29310607910156,0.02997739309782399
2020-06-16,77.3972396850586,0.027945899904122218
2020-06-17,76.02033996582031,-0.017790036503124718
2020-06-18,76.48577880859375,0.006122556712883753
2020-06-19,76.18518829345703,-0.003930018361831045
2020-06-22,76.02033996582031,-0.0021637844747688373
2020-06-23,74.40103912353516,-0.021300889249024846
2020-06-24,70.658203125,-0.05030623285140634
2020-06-25,71.6472396850586,0.013997476815379883
2020-06-26,68.2437744140625,-0.04750308994396413
2020-06-29,70.33820343017578,0.03069040412984103
2020-06-30,72.44235229492188,0.029914737114872025
2020-07-01,69.19403076171875,-0.044840089123263205
2020-07-02,68.41831207275389,-0.011210774692923642
2020-07-06,68.42800140380861,0.0001416189724823269
2020-07-07,66.51779937744139,-0.027915502238545553
2020-07-08,66.47901153564453,-0.0005831197387750064
2020-07-09,64.01611328125,-0.03704775684087869
2020-07-10,66.39174652099611,0.03710992620418763
2020-07-13,67.79773712158203,0.021177189549325792
2020-07-14,66.35295867919922,-0.021310127796623668
2020-07-15,70.5321273803711,0.06298390884688598
2020-07-16,69.55280303955078,-0.01388479799480502
2020-07-17,67.69107818603516,-0.026767071522005637
2020-07-20,66.14933776855469,-0.022776124399190523
2020-07-21,70.85212707519531,0.07109352058965257
2020-07-22,69.45582580566406,-0.01970725971359133
2020-07-23,70.79393768310547,0.0192656535563398
2020-07-24,70.78424835205078,-0.00013686667773815664
2020-07-27,69.64975738525389,-0.016027449513264735
2020-07-28,70.02792358398439,0.005429540789908982
2020-07-29,73.21806335449219,0.045555252922526934
2020-07-30,71.36603546142578,-0.025294685603737377
2020-07-31,69.87277221679689,-0.02092400446478515
2020-08-03,69.74672698974611,-0.0018039248057840629
2020-08-04,69.43643951416016,-0.004448774716433235
2020-08-05,70.78424835205078,0.019410684754591623
2020-08-06,70.54183197021484,-0.0034247221306957787
2020-08-07,72.54900360107422,0.02845363630061204
2020-08-10,72.48113250732422,-0.0009355206878264299
2020-08-11,74.34284973144531,0.025685542702205577
2020-08-12,73.74168395996094,-0.008086396656248884
2020-08-13,73.09201049804688,-0.008810125115488399
2020-08-14,73.37320709228516,0.0038471591124968896
2020-08-17,71.38542938232422,-0.027091329229493977
2020-08-18,69.50431823730469,-0.02635147202021748
2020-08-19,69.75642395019531,0.0036271949611803578
2020-08-20,67.885009765625,-0.026827840055368424
2020-08-21,67.59410858154297,-0.0042852050119219776
2020-08-24,69.47522735595703,0.027829626189163292
2020-08-25,69.58189392089844,0.0015353179687329632
2020-08-26,67.94319152832031,-0.023550701198806423
2020-08-27,69.64006805419922,0.024974931081528817
2020-08-28,69.45398712158203,-0.0026720383511452672
2020-08-31,68.024169921875,-0.020586538785801856
2020-09-01,68.2396240234375,0.003167316878837978
2020-09-02,68.76846313476561,0.007749736592137069
2020-09-03,68.70970916748047,-0.0008543737144453001
2020-09-04,70.62919616699219,0.027936182859295
2020-09-08,67.21132659912111,-0.04839173816717435
2020-09-09,66.95671081542969,-0.00378828683459953
2020-09-10,66.3397216796875,-0.009214746785321637
2020-09-11,66.11449432373047,-0.003395060308581166
2020-09-14,67.14276885986328,0.015552936563317799
2020-09-15,66.06551361083984,-0.016044248208944567
2020-09-16,66.88815307617189,0.012451874213493808
2020-09-17,66.65311431884766,-0.0035139071197940464
2020-09-18,66.51600646972656,-0.0020570359018066142
2020-09-21,62.85331726074219,-0.055064779191928426
2020-09-22,61.7956428527832,-0.01682766246960843
2020-09-23,61.14928436279297,-0.010459612687096165
2020-09-24,60.933837890625,-0.0035232868939192308
2020-09-25,61.38432693481445,0.007393085021135004
2020-09-28,63.45071411132813,0.03366310717568055
2020-09-29,61.94254302978516,-0.023769174274331895
2020-09-30,62.6280746459961,0.011067217822834596
2020-10-01,62.43220520019531,-0.003127502272869398
2020-10-02,63.64657211303711,0.019450969398691065
2020-10-05,65.63460540771484,0.03123551243493461
2020-10-06,66.467041015625,0.012682876704128265
2020-10-07,68.04376220703125,0.023721850217998997
2020-10-08,68.57259368896484,0.0077719318388740355
2020-10-09,68.15147399902344,-0.006141224464274231
2020-10-12,68.59218597412111,0.006466653606112649
2020-10-13,66.48662567138672,-0.03069679545610038
2020-10-14,65.25267028808594,-0.018559452684509314
2020-10-15,67.47575378417969,0.03406885091872858
2020-10-16,67.25050354003906,-0.0033382397603305414
2020-10-19,65.60523223876953,-0.024464817579990084
2020-10-20,66.52579498291016,0.014031849484051007
2020-10-21,66.76083374023439,0.003533046953961394
2020-10-22,69.14060211181639,0.03564617513378665
2020-10-23,70.64877319335938,0.02181310308961315
2020-10-26,67.85768890380861,-0.039506479212481405
2020-10-27,65.1253662109375,-0.04026548408897779
2020-10-28,65.20370483398439,0.0012028895590876498
2020-10-29,67.34843444824219,0.03289275693334459
2020-10-30,68.81742858886719,0.021811852831619127
2020-11-02,70.41374206542969,0.0231963546051579
2020-11-03,73.3321304321289,0.04144628990158483
2020-11-04,67.19174957275389,-0.08373383976697801
2020-11-05,70.59980010986328,0.05072126501809904
2020-11-06,69.33647918701172,-0.01789411472675073
2020-11-09,79.8642578125,0.151836071703225
2020-11-10,81.41159057617188,0.019374533815923023
2020-11-11,78.30712890625,-0.03813291999272783
2020-11-12,76.87730407714844,-0.01825919107331031
2020-11-13,79.11017608642578,0.02904461903394262
2020-11-16,82.75328063964844,0.046051023186229
2020-11-17,82.91976165771484,0.0020117754459954007
2020-11-18,81.65643310546875,-0.015235554552857966
2020-11-19,81.72498321533203,0.0008394942964842222
2020-11-20,81.44097900390625,-0.0034751210737783422
2020-11-23,83.27232360839844,0.022486770504126063
2020-11-24,87.83599853515625,0.054804222207359476
2020-11-25,86.00464630126953,-0.020849677403664058
2020-11-27,86.00464630126953,0.0
2020-11-30,82.85477447509766,-0.03662443788371672
2020-12-01,84.63213348388672,0.0214514977567557
2020-12-02,84.92835235595703,0.003500075679017556
2020-12-03,84.64200592041016,-0.0033716235815658413
2020-12-04,85.79728698730469,0.01364902750510022
2020-12-07,86.53785705566406,0.008631625711765789
2020-12-08,86.55760955810547,0.0002282527336989748
2020-12-09,86.77483367919922,0.002509590112327764
2020-12-10,86.53785705566406,-0.002730937225546737
2020-12-11,85.91578674316406,-0.007188418267624397
2020-12-14,84.94810485839844,-0.011263144079194709
2020-12-15,86.76496887207031,0.021387928744266205
2020-12-16,87.14019012451172,0.0043245708183754505
2020-12-17,86.25150299072266,-0.010198361198423433
2020-12-18,85.01721954345703,-0.014310283351217534
2020-12-21,85.30357360839844,0.0033681890148740123
2020-12-22,84.49388885498047,-0.00949180343997047
2020-12-23,86.72547149658203,0.026411172119580106
2020-12-24,86.37986755371094,-0.003985033888051159
2020-12-28,86.53785705566406,0.0018290083838676807
2020-12-29,85.59980773925781,-0.01083975670674242
2020-12-30,86.1725082397461,0.006690441434550332
2020-12-31,86.13301086425781,-0.00045835239445968234
2021-01-04,86.50823211669922,0.0043563001998472295
2021-01-05,87.41666412353516,0.010501104745852086
2021-01-06,92.49201965332033,0.0580593595131107
2021-01-07,94.31875610351562,0.01975020609391276
2021-01-08,93.13385009765624,-0.012562782364930136
2021-01-11,94.3977508544922,0.013570798968481235
2021-01-12,96.17511749267578,0.018828485023157704
2021-01-13,95.6320343017578,-0.005646815986051101
2021-01-14,97.00454711914062,0.014352019460884824
2021-01-15,95.38517761230467,-0.016693748436834133
2021-01-19,96.12574005126952,0.007763915290642798
2021-01-20,95.62215423583984,-0.005238823806829274
2021-01-21,93.88429260253906,-0.018174257285760054
2021-01-22,95.44442749023438,0.016617634797549963
2021-01-25,95.58267211914062,0.0014484305950748233
2021-01-26,95.61228942871094,0.00030986065689186937
2021-01-27,95.3456802368164,-0.0027884406229318204
2021-01-28,91.44535064697266,-0.040907250125608696
2021-01-29,91.08000946044922,-0.003995186020269603
2021-02-01,91.61321258544922,0.005854227817483348
2021-02-02,92.44265747070312,0.009053769230942255
2021-02-03,93.10423278808594,0.007156602108636667
2021-02-04,95.3654327392578,0.02428675779240419
2021-02-05,95.237060546875,-0.0013461082144280434
2021-02-08,96.84656524658205,0.016899982952695902
2021-02-09,97.94261169433594,0.01131734971667031
2021-02-10,97.88335418701172,-0.0006050227403486819
2021-02-11,98.41657257080078,0.005447487861626854
2021-02-12,99.5027313232422,0.011036339958496733
2021-02-16,102.23789978027344,0.027488375652180208
2021-02-17,100.6481475830078,-0.015549538876309943
2021-02-18,99.47311401367188,-0.01167466662381278
2021-02-19,102.42552185058594,0.02968046055649043
2021-02-22,104.0745086669922,0.0160993743220732
2021-02-23,105.32853698730467,0.012049332121518708
2021-02-24,107.62923431396484,0.02184305784991092
2021-02-25,105.92951202392578,-0.015792384855965902
2021-02-26,103.7725601196289,-0.02036214330723718
2021-03-01,106.85392761230467,0.02969347088597951
2021-03-02,105.02498626708984,-0.017116276266893382
2021-03-03,107.0030288696289,0.018834019149583048
2021-03-04,107.18194580078124,0.0016720735201833925
2021-03-05,110.0943374633789,0.027172408942928827
2021-03-08,113.6130599975586,0.03196097651570984
2021-03-09,111.93321228027344,-0.014785692043865817
2021-03-10,111.94315338134766,8.881279176842227e-05
2021-03-11,113.44407653808594,0.013407904917822178
2021-03-12,116.48568725585938,0.026811542837605007
2021-03-15,115.77996063232422,-0.006058483579918561
2021-03-16,113.80191040039062,-0.017084564730637353
2021-03-17,114.99470520019533,0.010481324923352187
2021-03-18,115.91912078857422,0.008038766539464337
2021-03-19,116.5055694580078,0.0050591193708517945
2021-03-22,111.71453857421876,-0.04112276268059334
2021-03-23,107.68887329101562,-0.03603528542105239
2021-03-24,107.4503173828125,-0.0022152326504378816
2021-03-25,109.8855972290039,0.02266424060447636
2021-03-26,111.57537841796876,0.01537764030570199
2021-03-29,107.55965423583984,-0.035991132085483546
2021-03-30,109.64703369140624,0.019406714073192388
2021-03-31,108.10635375976562,-0.014051268691652408
2021-04-01,109.42835235595705,0.01222868545848077
2021-04-05,109.21961975097656,-0.0019074819321184266
2021-04-06,108.5039520263672,-0.0065525564568078565
2021-04-07,108.0864715576172,-0.0038476061097622027
2021-04-08,107.98707580566406,-0.0009195947515056035
2021-04-09,109.68679809570312,0.015740052940204752
2021-04-12,110.6112060546875,0.008427704838077421
2021-04-13,108.34490966796876,-0.02048884979699306
2021-04-14,110.6609115600586,0.021376194776361768
2021-04-15,112.02266693115234,0.012305658356651872
2021-04-16,113.94107055664062,0.01712513795683246
2021-04-19,113.81185913085938,-0.0011340197625843151
2021-04-20,110.81000518798828,-0.02637558129526385
2021-04-21,112.44015502929688,0.014711215278286893
2021-04-22,111.26724243164062,-0.01043143881605857
2021-04-23,114.85554504394533,0.03224940722791114
2021-04-26,116.06820678710938,0.010558147129074769
2021-04-27,117.1417236328125,0.009249017240975821
2021-04-28,117.19142150878906,0.00042425426598935445
2021-04-29,121.54509735107422,0.037150124012777175
2021-04-30,119.33843994140624,-0.018155050740501832
2021-05-03,120.89900207519533,0.013076776724710859
2021-05-04,123.21499633789062,0.019156438208272508
2021-05-05,122.92674255371094,-0.0023394375096129627
2021-05-06,123.33428192138672,0.003315302750316551
2021-05-07,122.71800231933594,-0.004996823206410705
2021-05-10,120.71015167236328,-0.016361500423938136
2021-05-11,120.0739974975586,-0.005270096723358986
2021-05-12,118.32456970214844,-0.01456958069082126
2021-05-13,122.3999252319336,0.03444217494341051
2021-05-14,123.66230010986328,0.010313526544543539
2021-05-17,123.8312759399414,0.0013664296226740813
2021-05-18,121.41587829589844,-0.0195055540347856
2021-05-19,120.72008514404295,-0.005730660286126565
2021-05-20,120.43183135986328,-0.0023877864552177552
2021-05-21,122.14148712158205,0.014196045533926505
2021-05-24,120.77972412109376,-0.011149061900095902
2021-05-25,117.95679473876952,-0.023372543718463645
2021-05-26,119.08000183105467,0.009522190686620746
2021-05-27,120.61000061035156,0.012848494757898843
2021-05-28,120.70999908447266,0.000829105991336121
2021-06-01,122.08000183105467,0.011349538207048537
2021-06-02,121.66000366210938,-0.003440351922066043
2021-06-03,121.61000061035156,-0.00041100649558323266
2021-06-04,121.58000183105467,-0.00024668020020002235
2021-06-07,120.6999969482422,-0.007238072623450886
2021-06-08,120.9000015258789,0.001657038796135657
2021-06-09,118.69000244140624,-0.018279562089166812
2021-06-10,116.12000274658205,-0.02165304273283608
2021-06-11,116.27999877929688,0.0013778507486259528
2021-06-14,114.12000274658205,-0.018575817469817624
2021-06-15,115.66000366210938,0.013494574820043681
2021-06-16,116.1500015258789,0.004236536817005643
2021-06-17,109.6999969482422,-0.0555316788024286
2021-06-18,107.45999908447266,-0.02041930652766022
2021-06-21,112.0999984741211,0.04317885193727755
2021-06-22,111.87999725341795,-0.0019625443684009314
2021-06-23,111.5999984741211,-0.002502670595018297
2021-06-24,113.20999908447266,0.014426528963841445
2021-06-25,115.37000274658205,0.019079619111185497
2021-06-28,112.72000122070312,-0.022969588825440423
2021-06-29,111.51000213623048,-0.01073455528183942
2021-06-30,112.0,0.004394205491726977
2021-07-01,112.62000274658205,0.005535738808768231
2021-07-02,111.7699966430664,-0.007547558895273032
2021-07-06,108.36000061035156,-0.030509046570024956
2021-07-07,107.44000244140624,-0.008490200846837603
2021-07-08,104.83999633789062,-0.02419960949771527
2021-07-09,108.4000015258789,0.033956555821641476
2021-07-12,109.01000213623048,0.0056273118244001274
2021-07-13,107.3499984741211,-0.015227994033381154
2021-07-14,106.76000213623048,-0.005496006951810406
2021-07-15,107.87999725341795,0.010490774585769636
2021-07-16,105.2300033569336,-0.0245642747863567
2021-07-19,100.81999969482422,-0.04190823454743153
2021-07-20,103.47000122070312,0.026284482581832025
2021-07-21,105.26000213623048,0.017299709040393907
2021-07-22,103.13999938964844,-0.020140629902688723
2021-07-23,103.86000061035156,0.00698081466903111
2021-07-26,104.94000244140624,0.010398631087115806
2021-07-27,104.63999938964844,-0.0028588054581503153
2021-07-28,106.62999725341795,0.019017563793739756
2021-07-29,107.93000030517578,0.012191719827847614
2021-07-30,107.31999969482422,-0.005651816998302306
2021-08-02,107.12999725341795,-0.0017704290155288183
2021-08-03,110.20999908447266,0.02875013450965458
2021-08-04,110.12999725341795,-0.000725903563372543
2021-08-05,112.02999877929688,0.017252352431344153
2021-08-06,115.6999969482422,0.03275906640127135
2021-08-09,114.7699966430664,-0.008038032236006298
2021-08-10,115.87000274658205,0.009584439624378938
2021-08-11,117.80999755859376,0.016742856356486424
2021-08-12,116.80999755859376,-0.008488243958265418
2021-08-13,116.47000122070312,-0.0029106784093552163
2021-08-16,115.94000244140624,-0.004550517504439466
2021-08-17,114.9499969482422,-0.008538946630300082
2021-08-18,113.41999816894533,-0.01331012457517311
2021-08-19,111.88999938964844,-0.013489673814117586
