Date,Adj Close,daily_return
2017-01-03,46.02246475219727,
2017-01-04,45.72995376586914,-0.006355830525442863
2017-01-05,45.3789291381836,-0.007676032857648063
2017-01-06,45.58369827270508,0.004512427648919015
2017-01-09,45.13516998291016,-0.009839664327180975
2017-01-10,45.31067276000977,0.0038883818797195158
2017-01-11,45.27167510986328,-0.0008606725032100915
2017-01-12,44.99867248535156,-0.006030318600962037
2017-01-13,44.94990158081055,-0.0010838298520227108
2017-01-17,44.54038238525391,-0.009110569348420139
2017-01-18,45.10590362548828,0.01269682050196308
2017-01-19,44.55989837646485,-0.01210496199248956
2017-01-20,44.88165283203125,0.007220717894104167
2017-01-23,44.78414916992188,-0.0021724614838556366
2017-01-24,45.57394409179688,0.01763559063896314
2017-01-25,45.91521072387695,0.0074881961366495275
2017-01-26,45.97371673583984,0.0012742185223699742
2017-01-27,45.53494262695313,-0.009544020802317421
2017-01-30,45.26192855834961,-0.005995704679814806
2017-01-31,45.41793823242188,0.00344681897217769
2017-02-01,45.04741287231445,-0.008158128143362697
2017-02-02,45.11567306518555,0.0015152966290112868
2017-02-03,45.44718551635742,0.007348055091473071
2017-02-06,45.33993911743164,-0.0023598028724393094
2017-02-07,45.26192855834961,-0.0017205704418786771
2017-02-08,45.096168518066406,-0.0036622398904083697
2017-02-09,45.0864143371582,-0.0002162973314305816
2017-02-10,45.32043075561523,0.0051903976374576555
2017-02-13,45.64220428466797,0.007099966255569523
2017-02-14,45.7884521484375,0.0032042243809564663
2017-02-15,46.07122039794922,0.006175536325076836
2017-02-16,45.87620544433594,-0.004232901840428793
2017-02-17,45.80795288085938,-0.0014877552058958354
2017-02-21,45.94445419311523,0.002979860562877912
2017-02-22,45.94445419311523,0.0
2017-02-23,46.23697280883789,0.006366788350409713
2017-02-24,46.05171203613281,-0.004006766910779835
2017-02-27,45.96677017211914,-0.0018444887336007687
2017-02-28,45.869140625,-0.0021239157494331584
2017-03-01,46.68927764892578,0.017879930008516176
2017-03-02,46.13275527954102,-0.011919703996482012
2017-03-03,46.55258941650391,0.009100564976423087
2017-03-06,46.38661193847656,-0.0035653758492864007
2017-03-07,46.32802200317383,-0.0012630785662993693
2017-03-08,46.14252853393555,-0.004003915151516102
2017-03-09,46.025352478027344,-0.002539437253032739
2017-03-10,46.08394241333008,0.0012729926474914777
2017-03-13,46.03512573242188,-0.0010592991474200897
2017-03-14,46.08394241333008,0.0010604224520194272
2017-03-15,46.41590118408203,0.007203350090462912
2017-03-16,46.24991607666016,-0.003576039744732862
2017-03-17,46.093711853027344,-0.0033773947475690402
2017-03-20,45.7715072631836,-0.006990207056249087
2017-03-21,45.3711929321289,-0.008745928526078806
2017-03-22,45.13687133789063,-0.0051645455870819035
2017-03-23,45.24427032470703,0.0023794069822080655
2017-03-24,44.95137023925781,-0.006473749788584171
2017-03-27,44.834205627441406,-0.002606474756893684
2017-03-28,45.3907241821289,0.012412811756095099
2017-03-29,45.25403594970703,-0.0030113692805034953
2017-03-30,45.7519760131836,0.011003218895878186
2017-03-31,45.664100646972656,-0.001920690074361464
2017-04-03,45.63481903076172,-0.0006412393060647448
2017-04-04,45.97653579711914,0.007488071030304244
2017-04-05,45.88866424560547,-0.0019112260197554631
2017-04-06,46.18157196044922,0.00638300808400194
2017-04-07,46.12298583984375,-0.0012686038633688002
2017-04-10,46.33779144287109,0.004657235413449312
2017-04-11,46.093711853027344,-0.005267397997262391
2017-04-12,45.61528778076172,-0.010379378293314923
2017-04-13,45.03923797607422,-0.012628437366352663
2017-04-17,45.38096618652344,0.007587344409129448
2017-04-18,45.06852722167969,-0.006884801957710018
2017-04-19,44.79515075683594,-0.0060657953941801734
2017-04-20,44.97089385986328,0.003923261782984966
2017-04-21,44.863502502441406,-0.0023880191876222145
2017-04-24,45.93748092651367,0.023938800231074753
2017-04-25,46.22063827514648,0.006163972053360389
2017-04-26,46.32802200317383,0.002323285268976738
2017-04-27,46.21086502075195,-0.0025288578565657582
2017-04-28,45.51764678955078,-0.015001195733727712
2017-05-01,46.10346984863281,0.012870240454005977
2017-05-02,45.93748092651367,-0.003600356386712633
2017-05-03,45.8984375,-0.0008499252838032323
2017-05-04,45.64458465576172,-0.005530751329787198
2017-05-05,45.8984375,0.0055615106622781685
2017-05-08,45.654335021972656,-0.005318317819148932
2017-05-09,45.23450088500977,-0.009195931487356535
2017-05-10,45.35167694091797,0.0025904133706717847
2017-05-11,44.82443618774414,-0.011625606564905966
2017-05-12,44.67799377441406,-0.0032670218698728215
2017-05-15,44.98065948486328,0.006774380066782326
2017-05-16,45.28332901000977,0.006728881448444302
2017-05-17,44.746341705322266,-0.011858388427423372
2017-05-18,44.96112060546875,0.004799920886514375
2017-05-19,44.834205627441406,-0.002822771681805114
2017-05-22,45.27357482910156,0.009799865872748503
2017-05-23,45.67387390136719,0.008841781851260277
2017-05-24,45.3907241821289,-0.00619938041274426
2017-05-25,45.64458465576172,0.0055927830676199
2017-05-26,45.833274841308594,0.0041339008114527065
2017-05-30,45.833274841308594,0.0
2017-05-31,46.10701751708984,0.005972575093729171
2017-06-01,46.60562133789063,0.0108140549454534
2017-06-02,46.24389266967773,-0.007761481508644086
2017-06-05,46.08746719360352,-0.003382619131818365
2017-06-06,45.71595001220703,-0.008061132538176308
2017-06-07,45.61817932128906,-0.0021386560028143764
2017-06-08,45.65728759765625,0.0008572958620673976
2017-06-09,46.41010665893555,0.0164884753538872
2017-06-12,46.58607482910156,0.0037915915914434883
2017-06-13,46.70339965820313,0.0025184527679562585
2017-06-14,46.59585189819336,-0.0023027822556143107
2017-06-15,46.9771499633789,0.008183090332131604
2017-06-16,47.06513595581055,0.0018729529675647338
2017-06-19,46.91849899291992,-0.003115617535415227
2017-06-20,46.44920349121094,-0.01000235539887584
2017-06-21,45.77461242675781,-0.014523199834433509
2017-06-22,45.36398696899414,-0.008970593872765109
2017-06-23,45.24666595458984,-0.0025862147981942085
2017-06-26,45.56930160522461,0.007130595013532526
2017-06-27,45.57907104492188,0.0002143864257984074
2017-06-28,45.92126083374024,0.007507607789573045
2017-06-29,45.78437423706055,-0.002980898045794045
2017-06-30,45.76483535766602,-0.000426758686126294
2017-07-03,46.34165954589844,0.012604091847471022
2017-07-05,45.96037292480469,-0.008227729106595971
2017-07-06,45.73550033569336,-0.004892749444814992
2017-07-07,46.15589904785156,0.009191956118825173
2017-07-10,46.09723663330078,-0.00127096245032432
2017-07-11,45.852821350097656,-0.00530216778822179
2017-07-12,45.74528503417969,-0.00234524970877803
2017-07-13,45.88214874267578,0.0029918648095390576
2017-07-14,45.90171051025391,0.0004263481139001879
2017-07-17,46.09723663330078,0.004259669647892261
2017-07-18,46.18522644042969,0.001908787024021752
2017-07-19,46.84028244018555,0.014183236723993575
2017-07-20,46.73272705078125,-0.0022962156460445415
2017-07-21,46.82072067260742,0.0018829121983521269
2017-07-24,46.94781112670898,0.0027144061918702445
2017-07-25,47.39754104614258,0.009579358624831613
2017-07-26,47.04558563232422,-0.007425604916417972
2017-07-27,47.04558563232422,0.0
2017-07-28,47.18246459960938,0.0029094965116369664
2017-07-31,47.59308242797852,0.008702763449379924
2017-08-01,48.0916862487793,0.010476392689111824
2017-08-02,48.02326202392578,-0.00142278697610132
2017-08-03,47.87659454345703,-0.0030540924187049123
2017-08-04,48.04280471801758,0.003471637365721092
2017-08-07,47.92548751831055,-0.0024419306990008938
2017-08-08,47.84727096557617,-0.0016320450095471672
2017-08-09,47.77883911132813,-0.001430214364728788
2017-08-10,47.49531555175781,-0.005934082218065018
2017-08-11,47.19223403930664,-0.006381292742878797
2017-08-14,47.35844039916992,0.003521900652655008
2017-08-15,47.29000473022461,-0.001445057488559387
2017-08-16,47.2313346862793,-0.0012406436472148785
2017-08-17,46.37099838256836,-0.018215371414453507
2017-08-18,46.51763916015625,0.0031623381575285325
2017-08-21,46.34165954589844,-0.00378307277486567
2017-08-22,46.70339965820313,0.007805937807350505
2017-08-23,46.42964553833008,-0.00586154588052501
2017-08-24,46.15589904785156,-0.005895941855781017
2017-08-25,46.41987228393555,0.005719165730263764
2017-08-28,45.91374206542969,-0.010903309156260144
2017-08-29,45.63962936401367,-0.005970166862578785
2017-08-30,45.63962936401367,0.0
2017-08-31,45.60047912597656,-0.0008578123569946694
2017-09-01,45.92353439331055,0.007084470898683026
2017-09-05,44.87603378295898,-0.0228096688155639
2017-09-06,45.19908905029297,0.007198837332559993
2017-09-07,44.17116928100586,-0.022742046153703344
2017-09-08,45.00330352783203,0.018838854854222653
2017-09-11,45.74732208251953,0.01653253197795501
2017-09-12,45.89415740966797,0.0032097032233617817
2017-09-13,46.16828155517578,0.005972963901720307
2017-09-14,46.22701644897461,0.0012721914660962508
2017-09-15,46.49134063720703,0.005717959075385748
2017-09-18,46.50112533569336,0.00021046281634862218
2017-09-19,46.6871223449707,0.003999838884212403
2017-09-20,46.78503036499024,0.002097109761790339
2017-09-21,46.70670700073242,-0.0016741116473962814
2017-09-22,46.60880661010742,-0.0020960670728396025
2017-09-25,46.78503036499024,0.003780911113150154
2017-09-26,46.87313079833984,0.0018830902248494485
2017-09-27,46.833984375,-0.0008351570008893194
2017-09-28,46.833984375,0.0
2017-09-29,46.853553771972656,0.0004178460840735809
2017-10-02,47.10808944702149,0.005432579912456825
2017-10-03,47.3822021484375,0.00581880319566519
2017-10-04,47.51925277709961,0.002892449536911812
2017-10-05,47.87168884277344,0.007416700496680972
2017-10-06,47.89126586914063,0.0004089478946833758
2017-10-09,47.53883743286133,-0.007358929230275257
2017-10-10,47.92063522338867,0.008031281603521512
2017-10-11,47.67588806152344,-0.005107343855612734
2017-10-12,47.83253479003906,0.003285659373842842
2017-10-13,47.82273864746094,-0.00020480082481777462
2017-10-16,48.02832794189453,0.00429898621969671
2017-10-17,47.63672637939453,-0.008153553939536762
2017-10-18,47.66609954833984,0.0006166076298226297
2017-10-19,47.95000457763672,0.005956120429131406
2017-10-20,47.96958541870117,0.0004083595244031013
2017-10-23,47.67588806152344,-0.006122574431573824
2017-10-24,47.4898910522461,-0.0039012804341959084
2017-10-25,47.23535919189453,-0.005359706133491571
2017-10-26,47.35282897949219,0.0024869036587704674
2017-10-27,46.94166946411133,-0.008682892326431602
2017-10-30,48.4199104309082,0.03149101818645472
2017-10-31,48.46885299682617,0.001010794226639522
2017-11-01,48.49822235107422,0.0006059428361131491
2017-11-02,48.45907211303711,-0.0008072509906384973
2017-11-03,48.56674957275391,0.0022220289209342603
2017-11-06,48.63528060913086,0.0014110690334399045
2017-11-07,48.44928741455078,-0.003824244298595847
2017-11-08,48.53738784790039,0.0018184051417677871
2017-11-09,48.30243301391602,-0.004840697952692374
2017-11-10,48.46885299682617,0.0034453747466964835
2017-11-13,48.84086227416992,0.007675223454702174
2017-11-14,48.88980865478516,0.0010021604520509264
2017-11-15,48.64507675170898,-0.005005785659834672
2017-11-16,48.16538238525391,-0.009861108224856752
2017-11-17,48.18495559692383,0.00040637509141649986
2017-11-20,48.31222152709961,0.002641196377566102
2017-11-21,48.34159469604492,0.0006079863027792509
2017-11-22,48.32201385498047,-0.00040505161626480657
2017-11-24,48.31222152709961,-0.00020264734640917936
2017-11-27,48.61570739746094,0.0062817618558710375
2017-11-28,49.11855697631836,0.010343356206798493
2017-11-29,49.334205627441406,0.004390370246972308
2017-11-30,49.28518676757813,-0.000993607969153265
2017-12-01,49.49104309082031,0.004176839670162247
2017-12-04,49.64787292480469,0.003168852870944372
2017-12-05,49.11855697631836,-0.010661402338183024
2017-12-06,48.97152328491211,-0.002993444849716198
2017-12-07,49.00092697143555,0.0006004241761556894
2017-12-08,48.85390090942383,-0.003000475115448875
2017-12-11,49.05974197387695,0.00421340078522614
2017-12-12,49.32439041137695,0.0053944115246451485
2017-12-13,48.91270446777344,-0.008346498358519194
2017-12-14,48.47161102294922,-0.009017972930015272
2017-12-15,48.76567459106445,0.006066717443660163
2017-12-18,48.99112701416016,0.004623178598190059
2017-12-19,48.65785217285156,-0.006802759226426258
2017-12-20,48.53042221069336,-0.0026188982141159833
2017-12-21,48.80488967895508,0.0056555755288945075
2017-12-22,48.67745590209961,-0.0026110862598757167
2017-12-26,48.93231964111328,0.005235765392633818
2017-12-27,49.01072692871094,0.0016023619597991257
2017-12-28,49.14795684814453,0.0027999976338486388
2017-12-29,49.04013442993164,-0.0021938331749178364
2018-01-02,48.90291213989258,-0.002798163007385779
2018-01-03,49.47142028808594,0.011625241183328194
2018-01-04,49.71648788452149,0.004953720653428917
2018-01-05,49.61846542358398,-0.0019716288319721054
2018-01-08,49.57925796508789,-0.0007901787804475147
2018-01-09,50.11837768554688,0.010873896516132353
2018-01-10,50.19679260253906,0.0015645940793249657
2018-01-11,50.49085998535156,0.005858290292388713
2018-01-12,51.7357292175293,0.024655338263972926
2018-01-16,51.15739440917969,-0.011178634516156749
2018-01-17,51.31423568725586,0.0030658574363988667
2018-01-18,51.48086929321289,0.003247317313125553
2018-01-19,51.4710693359375,-0.0001903611459933563
2018-01-22,51.75532913208008,0.005522710132313202
2018-01-23,51.85335540771485,0.0018940325040655015
2018-01-24,51.99058532714844,0.0026465002766855594
2018-01-25,52.09840393066406,0.0020738101492256966
2018-01-26,52.40227508544922,0.005832638466037654
2018-01-29,52.0592041015625,-0.006546871931176534
2018-01-30,50.96136474609375,-0.0210882854322354
2018-01-31,50.62808990478516,-0.00653975502754045
2018-02-01,50.56927490234375,-0.0011617069210397846
2018-02-02,49.81451034545898,-0.014925358497671293
2018-02-05,47.23654556274414,-0.05175128220345626
2018-02-06,46.86405563354492,-0.007885630178109504
2018-02-07,46.91307067871094,0.0010458984930645787
2018-02-08,45.13888168334961,-0.037818649892096046
2018-02-09,45.8054313659668,0.014766641479801113
2018-02-12,46.5601921081543,0.016477538136411507
2018-02-13,47.13851928710938,0.01242106513675223
2018-02-14,47.90308380126953,0.016219527590660476
2018-02-15,48.90291213989258,0.020871899244961467
2018-02-16,49.089149475097656,0.003808307666265831
2018-02-20,48.90291213989258,-0.0037938594821154137
2018-02-21,48.76567459106445,-0.002806326715994789
2018-02-22,48.61864471435547,-0.003015028048764523
2018-02-23,49.34400177001953,0.014919318708402685
2018-02-26,49.72629165649414,0.007747443919452923
2018-02-27,49.24833679199219,-0.009611713413170464
2018-02-28,48.41411209106445,-0.0169391446547974
2018-03-01,47.74673461914063,-0.013784771487051484
2018-03-02,47.91358184814453,0.0034944217721857296
2018-03-05,49.4348030090332,0.03174926820770718
2018-03-06,49.93533325195313,0.010125057903608292
2018-03-07,49.99422073364258,0.0011792748311565404
2018-03-08,50.30827713012695,0.0062818540198394945
2018-03-09,50.75973510742188,0.008973831008507682
2018-03-12,50.55363464355469,-0.004060314015252975
2018-03-13,50.28865051269531,-0.005241643508478333
2018-03-14,50.01384353637695,-0.0054645923785324735
2018-03-15,49.99422073364258,-0.0003923474251704695
2018-03-16,50.21013259887695,0.004318736487257224
2018-03-19,50.04329681396485,-0.003322751330790852
2018-03-20,50.45548629760742,0.008236657252516322
2018-03-21,50.63214874267578,0.0035013525392726397
2018-03-22,49.30722427368164,-0.026167652408506492
2018-03-23,48.15893936157226,-0.023288370599321984
2018-03-26,49.18943786621094,0.021397865449274134
2018-03-27,48.18838119506836,-0.020351049220471373
2018-03-28,48.52207565307617,0.006924790784255785
2018-03-29,48.80669021606445,0.005865671638270786
2018-04-02,47.74673461914063,-0.021717424234904192
2018-04-03,48.551513671875,0.01685516421497324
2018-04-04,49.00297164916992,0.009298535579055356
2018-04-05,49.57220077514648,0.011616216462378537
2018-04-06,48.46318817138672,-0.02237166368283927
2018-04-09,48.708534240722656,0.00506252433224752
2018-04-10,49.49368286132813,0.016119323499351967
2018-04-11,49.15018844604492,-0.00694016681372478
2018-04-12,49.60164260864258,0.009185196982372634
2018-04-13,49.49368286132813,-0.002176535728186435
2018-04-16,50.072731018066406,0.011699435630212696
2018-04-17,50.05310440063477,-0.00039196219244663766
2018-04-18,50.072731018066406,0.0003921158870494601
2018-04-19,50.56345748901367,0.009800273741214838
2018-04-20,50.61252212524414,0.0009703576192574559
2018-04-23,50.661598205566406,0.0009696430500107933
2018-04-24,50.327903747558594,-0.0065867337357539135
2018-04-25,50.58307266235352,0.005070128016355202
2018-04-26,50.74010848999024,0.003104513414694088
2018-04-27,50.78917694091797,0.0009670545134410347
2018-04-30,51.48599624633789,0.01371983850477676
2018-05-01,51.46636962890625,-0.0003812030233956154
2018-05-02,50.14143371582031,-0.025743722019627047
2018-05-03,49.50350189208984,-0.012722648246278556
2018-05-04,50.02366638183594,0.01050763016483125
2018-05-07,50.24939346313477,0.004512405779613093
2018-05-08,50.27882766723633,0.0005857623758811492
2018-05-09,50.65177917480469,0.0074176651459871845
2018-05-10,50.89714050292969,0.004844081138358991
2018-05-11,50.73028945922852,-0.0032782007407972102
2018-05-14,50.30827713012695,-0.00831874474993366
2018-05-15,50.38679122924805,0.0015606596687460783
2018-05-16,50.34754180908203,-0.0007789624861690436
2018-05-17,50.49475479125977,0.00292393584449413
2018-05-18,50.35735321044922,-0.0027211060114770147
2018-05-21,50.46530532836914,0.0021437210464334555
2018-05-22,50.33771514892578,-0.0025282751905125744
2018-05-23,49.75867462158203,-0.011503115022814203
2018-05-24,49.20907211303711,-0.011045360687853667
2018-05-25,48.80669021606445,-0.00817698606566597
2018-05-29,47.15873718261719,-0.033764900388694064
2018-05-30,47.93504333496094,0.016461555137441186
2018-05-31,48.02349090576172,0.0018451547061870688
2018-06-01,48.32812118530274,0.006343359755724753
2018-06-04,48.78015518188477,0.00935343616708817
2018-06-05,48.76049423217773,-0.00040305221731540275
2018-06-06,48.85877227783203,0.002015526036023063
2018-06-07,49.26166534423828,0.008246074299927741
2018-06-08,49.5466423034668,0.005784963972230939
2018-06-11,49.16338729858398,-0.007735236679317858
2018-06-12,48.917724609375,-0.00499686255784193
2018-06-13,48.95703125,0.0008035255306513278
2018-06-14,48.75066757202149,-0.004215199997007701
2018-06-15,49.02582931518555,0.005644266158151501
2018-06-18,49.06513214111328,0.0008016759017996922
2018-06-19,48.86859893798828,-0.004005557399901938
2018-06-20,48.33794403076172,-0.010858811563227655
2018-06-21,47.72868347167969,-0.012604188516878279
2018-06-22,47.92521667480469,0.004117716828322182
2018-06-25,48.01366424560547,0.0018455330395465985
2018-06-26,47.7974739074707,-0.004502683590839496
2018-06-27,47.23734664916992,-0.011718762782006231
2018-06-28,47.45353317260742,0.004576601752065201
2018-06-29,47.44370269775391,-0.00020716001941833984
2018-07-02,47.45353317260742,0.0002072029435842282
2018-07-03,47.46335983276367,0.0002070796313629053
2018-07-05,47.52232360839844,0.0012423009210162927
2018-07-06,48.05297088623047,0.011166273817011962
2018-07-09,49.19287490844727,0.023721822005878135
2018-07-10,49.04547882080078,-0.002996289359400328
2018-07-11,48.67205810546875,-0.0076137642920444115
2018-07-12,48.5050048828125,-0.003432220233922645
2018-07-13,48.63274765014648,0.0026335997211546225
2018-07-16,48.94721221923828,0.006466107392368414
2018-07-17,48.84893798828125,-0.002007759512775764
2018-07-18,49.31080627441406,0.009455032292485344
2018-07-19,48.53448104858398,-0.01574351109794969
2018-07-20,48.76049423217773,0.004656754923731521
2018-07-23,49.02582931518555,0.0054415995404886175
2018-07-24,49.17322158813477,0.0030064207991595815
2018-07-25,49.0159912109375,-0.003197479687505611
2018-07-26,49.26166534423828,0.005012122110181094
2018-07-27,48.90790557861328,-0.007181238456981598
2018-07-30,48.95703125,0.001004452568670322
2018-07-31,49.90040969848633,0.019269519094590182
2018-08-01,50.69637298583984,0.015951037118992817
2018-08-02,50.08711624145508,-0.012017758046614757
2018-08-03,50.25416946411133,0.003335253358387247
2018-08-06,50.06745910644531,-0.003715320731732641
2018-08-07,49.95936584472656,-0.002158952414360371
2018-08-08,49.85126876831055,-0.0021636999306993143
2018-08-09,49.45820617675781,-0.007884705871369801
2018-08-10,49.24201202392578,-0.004371249374863662
2018-08-13,48.85877227783203,-0.007782779995007982
2018-08-14,49.08477401733398,0.00462561233051062
2018-08-15,48.84893798828125,-0.004804667715683997
2018-08-16,49.28131866455078,0.008851383347848074
2018-08-17,49.29114151000977,0.00019932188758686742
2018-08-20,49.18305587768555,-0.002192800349374635
2018-08-21,49.24201202392578,0.0011987084817757232
2018-08-22,48.88824844360352,-0.007184182079123191
2018-08-23,48.56395721435547,-0.006633316585726079
2018-08-24,48.96686172485352,0.008296369027747996
2018-08-27,49.34027481079102,0.007625832507619501
2018-08-28,49.46129989624024,0.0024528660594884677
2018-08-29,49.64824295043945,0.003779582311653318
2018-08-30,49.40226364135742,-0.004954441375248142
2018-08-31,49.50065612792969,0.0019916594771154372
2018-09-04,49.46129989624024,-0.0007950648489938317
2018-09-05,49.46129989624024,0.0
2018-09-06,49.08741760253906,-0.00755908749841816
2018-09-07,48.86111450195313,-0.004610205866161232
2018-09-10,49.15629196166992,0.006041152821125051
2018-09-11,49.30387878417969,0.0030023994207057925
2018-09-12,49.06772232055664,-0.004789815110831097
2018-09-13,49.5596923828125,0.010026348055078849
2018-09-14,50.15987396240234,0.012110276531861253
2018-09-17,49.94341659545898,-0.004315349099672905
2018-09-18,50.21891021728516,0.005516114847682108
2018-09-19,50.96668243408203,0.014890251770925289
2018-09-20,51.32090377807617,0.00695005692105366
2018-09-21,50.92732238769531,-0.007669026876120477
2018-09-24,50.20906448364258,-0.014103586648142263
2018-09-25,49.92374038696289,-0.005682720831666654
2018-09-26,49.1661262512207,-0.015175428160427495
2018-09-27,49.13660430908203,-0.0006004528806647924
2018-09-28,49.42194366455078,0.0058070629723188105
2018-10-01,49.44161987304688,0.0003981269662247655
2018-10-02,49.29402923583984,-0.002985149709617496
2018-10-03,49.34322738647461,0.0009980549652248705
2018-10-04,49.54001235961914,0.003988084759905197
2018-10-05,49.12677383422852,-0.00834151034099162
2018-10-08,50.061485290527344,0.019026518196632924
2018-10-09,49.90406036376953,-0.003144631563450684
2018-10-10,48.41835403442383,-0.029771251447594183
2018-10-11,46.48004531860352,-0.040032519784588994
2018-10-12,46.047119140625,-0.009314237432665462
2018-10-15,46.08647918701172,0.0008547776087037828
2018-10-16,46.30294036865234,0.004696847870766074
2018-10-17,46.55875778198242,0.0055248632439610645
2018-10-18,45.99791717529297,-0.012045867059333193
2018-10-19,46.2439079284668,0.005347867213995494
2018-10-22,45.82081985473633,-0.009149055360652691
2018-10-23,45.43709564208984,-0.00837445104349932
2018-10-24,44.10881805419922,-0.029233329488168036
2018-10-25,45.01401519775391,0.02052190884921057
2018-10-26,44.47285842895508,-0.012021961747279097
2018-10-29,44.57125473022461,0.0022125022934318395
2018-10-30,45.37806701660156,0.018101628308656137
2018-10-31,45.81098556518555,0.009540259800524309
2018-11-01,46.40134048461914,0.012886754391991051
2018-11-02,45.54532623291016,-0.018448050051328213
2018-11-05,48.01494979858398,0.05422342466150365
2018-11-06,48.7135238647461,0.014549095002547086
2018-11-07,48.9398193359375,0.004645434229305856
2018-11-08,48.64465713500977,-0.0060311256750182896
2018-11-09,48.79224395751953,0.0030339780605328492
2018-11-12,47.98542785644531,-0.01653574493881993
2018-11-13,47.86735916137695,-0.002460511458219683
2018-11-14,46.72601699829102,-0.02384385065484984
2018-11-15,47.37540817260742,0.013897849978099952
2018-11-16,47.71977615356445,0.0072689185009733315
2018-11-19,47.67057800292969,-0.001030980331434117
2018-11-20,46.66698455810547,-0.02105268043451336
2018-11-21,46.5390739440918,-0.0027409230578078203
2018-11-23,46.21438217163086,-0.006976756195256395
2018-11-26,47.28686141967773,0.02320661226334031
2018-11-27,46.84646606445313,-0.009313271001769818
2018-11-28,48.009010314941406,0.024816050134684797
2018-11-29,47.27010345458984,-0.015391003803334136
2018-11-30,47.34893035888672,0.0016675847636467012
2018-12-03,47.78241348266602,0.009155077432450254
2018-12-04,46.27504348754883,-0.031546543701984064
2018-12-06,46.22578811645508,-0.0010644046419319153
2018-12-07,45.1026496887207,-0.024296793489056112
2018-12-10,44.47212219238281,-0.013979832685873772
2018-12-11,44.196266174316406,-0.006202897556205511
2018-12-12,44.42285919189453,0.005126971963749449
2018-12-13,44.836647033691406,0.009314750318285991
2018-12-14,44.40315628051758,-0.009668224139242398
2018-12-17,44.344051361083984,-0.001331097254893221
2018-12-18,44.39330673217773,0.0011107548720046267
2018-12-19,44.21597290039063,-0.003994607404601336
2018-12-20,43.98938369750977,-0.005124600636772558
2018-12-21,43.22091293334961,-0.017469459664279596
2018-12-24,41.91059875488281,-0.03031667055453957
2018-12-26,43.80218505859375,0.04513384107857821
2018-12-27,44.30464172363281,0.011471041099135437
2018-12-28,44.24552917480469,-0.001334229248412866
2018-12-31,44.84650421142578,0.013582729098950752
2019-01-02,44.41301345825195,-0.009666099081662272
2019-01-03,43.86129760742188,-0.012422391724188686
2019-01-04,44.97458267211914,0.025381945483274437
2019-01-07,45.27999496459961,0.006790775463266341
2019-01-08,45.17161178588867,-0.002393621704147142
2019-01-09,45.36865615844727,0.004362128442362945
2019-01-10,45.70363235473633,0.007383427781487928
2019-01-11,45.89081573486328,0.004095590885951905
2019-01-14,45.95979309082031,0.0015030753943350295
2019-01-15,45.95979309082031,0.0
2019-01-16,45.98934173583984,0.0006429238043159646
2019-01-17,46.10755920410156,0.0025705405600444653
2019-01-18,46.82676315307617,0.015598395607777649
2019-01-22,46.2454948425293,-0.012413164425794654
2019-01-23,46.56076049804688,0.006817218771062894
2019-01-24,46.71838760375977,0.00338540659617248
2019-01-25,47.08291625976562,0.007802680586872501
2019-01-28,46.94499206542969,-0.0029293893686400674
2019-01-29,47.0238037109375,0.0016788083678440646
2019-01-30,47.39818954467773,0.0079616237776432
2019-01-31,47.19128799438477,-0.0043651783386774445
2019-02-01,47.33906936645508,0.0031315392808921594
2019-02-04,47.29965591430664,-0.0008325776715916167
2019-02-05,47.36862182617188,0.0014580637117147521
2019-02-06,47.30951690673828,-0.0012477652326575717
2019-02-07,47.13217926025391,-0.0037484560840889136
2019-02-08,46.76765441894531,-0.007734096895791076
2019-02-11,43.90069961547852,-0.06130208664699255
2019-02-12,45.24058532714844,0.030520828219272822
2019-02-13,46.0780143737793,0.018510570554628236
2019-02-14,45.20117950439453,-0.019029354482855698
2019-02-15,46.00904083251953,0.01787257184398161
2019-02-19,46.36371612548828,0.007708817366130827
2019-02-20,46.73808670043945,0.008074645568485028
2019-02-21,46.82676315307617,0.0018973060066638237
2019-02-22,47.08291625976562,0.005470228763241325
2019-02-25,47.27010345458984,0.003975692452682145
2019-02-26,46.93765258789063,-0.007033004846680235
2019-02-27,46.92779159545898,-0.0002100870386133602
2019-02-28,46.97711181640625,0.0010509810768943861
2019-03-01,47.25333404541016,0.005879932127020426
2019-03-04,47.46050643920898,0.004384291563421128
2019-03-05,47.28293228149414,-0.00374151417752544
2019-03-06,46.799537658691406,-0.010223448493526077
2019-03-07,46.18791580200195,-0.013068972201178641
2019-03-08,46.24710083007813,0.0012813963793016914
2019-03-11,46.56278991699219,0.006826137882112171
2019-03-12,46.94751739501953,0.008262552108952326
2019-03-13,47.065895080566406,0.0025214897850900364
2019-03-14,47.24346923828125,0.0037728838984338875
2019-03-15,47.13495635986328,-0.0022968863245554916
2019-03-18,47.75644302368164,0.01318526019359112
2019-03-19,47.39144897460938,-0.007642823166106871
2019-03-20,46.86859893798828,-0.011032581782870254
2019-03-21,47.28293228149414,0.008840318526569524
2019-03-22,46.69103622436523,-0.012518175768057693
2019-03-25,46.464134216308594,-0.004859648155296825
2019-03-26,46.92779159545898,0.009978823171263196
2019-03-27,47.08562850952149,0.003363399569771941
2019-03-28,47.2138786315918,0.002723763622362485
2019-03-29,47.28293228149414,0.0014625710046227702
2019-04-01,48.02279663085938,0.015647598692918097
2019-04-02,47.53942108154297,-0.010065543517425946
2019-04-03,47.54928970336914,0.00020758817843491428
2019-04-04,47.83537292480469,0.006016561408598298
2019-04-05,47.94388198852539,0.0022683854454583763
2019-04-08,47.93402099609375,-0.00020567780543934155
2019-04-09,47.6873893737793,-0.005145231240553549
2019-04-10,48.02279663085938,0.007033458142384763
2019-04-11,48.43712997436523,0.008627847034622604
2019-04-12,48.614707946777344,0.0036661538886819667
2019-04-15,48.50617980957031,-0.0022324136416873586
2019-04-16,48.98957443237305,0.00996562963112102
2019-04-17,48.57524490356445,-0.008457504144694039
2019-04-18,48.16091537475586,-0.008529643641141837
2019-04-22,48.55551528930664,0.008193364089537525
2019-04-23,48.77254867553711,0.004469798846481687
2019-04-24,48.82186889648438,0.0010112291091322057
2019-04-25,49.0093002319336,0.0038390856328467393
2019-04-26,49.50255966186523,0.010064608708904244
2019-04-29,50.242431640625,0.014946135792039517
2019-04-30,50.59756469726562,0.007068389109444739
2019-05-01,49.62093353271485,-0.019301940130797335
2019-05-02,49.56175231933594,-0.0011926662633200413
2019-05-03,50.15364456176758,0.011942520486724506
2019-05-06,50.10432434082031,-0.0009833825911997884
2019-05-07,49.48282241821289,-0.012404157341387001
2019-05-08,49.72944641113281,0.004984032455455756
2019-05-09,49.84782409667969,0.0023804344124043197
2019-05-10,50.67648696899414,0.016623852441528086
2019-05-13,49.4926872253418,-0.023359940959929548
2019-05-14,50.28189086914063,0.015945863682963246
2019-05-15,50.52851486206055,0.004904827337574913
2019-05-16,51.21905517578125,0.013666348904293635
2019-05-17,51.08095550537109,-0.002696255718427687
2019-05-20,51.23878860473633,0.003089861922192183
2019-05-21,51.79123306274414,0.010781762665574623
2019-05-22,51.71231460571289,-0.001523780230056393
2019-05-23,51.16973114013672,-0.01049234538645516
2019-05-24,51.51501083374024,0.0067477331991039335
2019-05-28,50.67844772338867,-0.016239210607011167
2019-05-29,50.619178771972656,-0.0011695100003755732
2019-05-30,50.69819641113281,0.0015610217525676706
2019-05-31,50.727821350097656,0.000584339109908516
2019-06-03,51.62662124633789,0.017718085900775726
2019-06-04,52.28837966918945,0.012818162546294865
2019-06-05,52.78221893310547,0.009444531787757837
2019-06-06,53.039024353027344,0.004865377490994582
2019-06-07,53.17729187011719,0.00260690159324084
2019-06-10,53.36495971679688,0.0035290974790154195
2019-06-11,52.93037414550781,-0.008143650320273421
2019-06-12,52.64394378662109,-0.005411455397978382
2019-06-13,52.71309280395508,0.00131352274089247
2019-06-14,52.8809928894043,0.0031851685514574513
2019-06-17,52.28837966918945,-0.011206544881905645
2019-06-18,52.73283386230469,0.008500056722490656
2019-06-19,52.959999084472656,0.0043078515894128255
2019-06-20,53.39459609985352,0.00820613713923346
2019-06-21,53.40446853637695,0.00018489579928582245
2019-06-24,53.48348236083984,0.001479535825902989
2019-06-25,53.8785514831543,0.007386750168005607
2019-06-26,52.77234649658203,-0.02053145372547982
2019-06-27,53.1081657409668,0.0063635458091013675
2019-06-28,53.9970817565918,0.01673784065449846
2019-07-01,54.91563034057617,0.017011078267618496
2019-07-02,54.56006622314453,-0.006474734337501009
2019-07-03,55.46874237060547,0.016654601256247625
2019-07-05,55.0045280456543,-0.008368935460075888
2019-07-08,54.97489547729492,-0.0005387296175831668
2019-07-09,54.80699157714844,-0.003054192257915811
2019-07-10,54.86624526977539,0.0010811338284011374
2019-07-11,54.61933135986328,-0.0045002880860179895
2019-07-12,54.69833755493164,0.0014464877745907767
2019-07-15,54.50081253051758,-0.0036111705262650284
2019-07-16,54.1254768371582,-0.006886790782232977
2019-07-17,53.47360229492188,-0.0120437653454315
2019-07-18,53.68101501464844,0.0038787871178496136
2019-07-19,53.17729187011719,-0.009383636736261303
2019-07-22,53.28594207763672,0.002043169249477783
2019-07-23,53.35508346557617,0.0012975540122517337
2019-07-24,54.06621932983398,0.01332836194917797
2019-07-25,54.09585189819336,0.0005480791652658912
2019-07-26,54.16499328613281,0.001278127351974634
2019-07-29,53.24643707275391,-0.016958484763886505
2019-07-30,53.00939178466797,-0.004451852576765947
2019-07-31,52.8809928894043,-0.0024221914445886616
2019-08-01,52.21923446655274,-0.012514107370025451
2019-08-02,51.86366653442383,-0.006809137203201643
2019-08-05,50.095703125,-0.034088669921752746
2019-08-06,50.91548538208008,0.016364322804982567
2019-08-07,49.97718048095703,-0.018428674382298782
2019-08-08,51.02412414550781,0.020948433954766754
2019-08-09,50.34262847900391,-0.013356342277634159
2019-08-12,49.49321365356445,-0.016872675327108122
2019-08-13,49.80926513671875,0.006385753921063886
2019-08-14,47.54745101928711,-0.04540950586649506
2019-08-15,47.83389282226562,0.006024335623424193
2019-08-16,48.24871826171875,0.008672207403116472
2019-08-19,48.58453369140625,0.00696009016997956
2019-08-20,48.08080673217773,-0.01036805174313371
2019-08-21,48.23884582519531,0.0032869476150412247
2019-08-22,48.02154922485352,-0.004504597832402868
2019-08-23,46.65853500366211,-0.028383387108343983
2019-08-26,47.35979461669922,0.015029610616408506
2019-08-27,46.92760467529297,-0.009125671783505984
2019-08-28,47.17485046386719,0.005268664153753155
2019-08-29,47.55066680908203,0.007966455463439992
2019-08-30,47.5407829284668,-0.000207859979228453
2019-09-03,47.45177459716797,-0.001872252113154227
2019-09-04,48.11439514160156,0.0139640835365753
2019-09-05,48.42098617553711,0.006372126949393042
2019-09-06,48.73746109008789,0.006535903944696386
2019-09-09,49.06382369995117,0.006696339993173206
2019-09-10,49.36052703857422,0.0060472934281994295
2019-09-11,49.47919845581055,0.0024041764615598815
2019-09-12,49.835243225097656,0.007195847556121793
2019-09-13,50.24072265625,0.00813639916074771
2019-09-16,50.44841003417969,0.0041338453539112585
2019-09-17,50.80445098876953,0.007057525784234242
2019-09-18,50.71543884277344,-0.0017520540870674672
2019-09-19,50.48797225952149,-0.004485154588864559
2019-09-20,50.40885925292969,-0.001566967399386554
2019-09-23,51.01214218139648,0.011967795689241445
2019-09-24,51.08137130737305,0.0013571107390548676
2019-09-25,50.45830154418945,-0.012197592727775097
2019-09-26,50.58687210083008,0.00254805557670279
2019-09-27,50.94291305541992,0.007038208527306855
2019-09-30,50.91323852539063,-0.0005825055586634598
2019-10-01,49.56821060180664,-0.02641803905114426
2019-10-02,48.33197021484375,-0.02494018589643887
2019-10-03,48.62866592407226,0.0061387050416037425
2019-10-04,49.43964385986328,0.016676952171734705
2019-10-07,49.03416061401367,-0.008201581042916684
2019-10-08,48.1539535522461,-0.01795089486075574
2019-10-09,48.5594367980957,0.008420559807403194
2019-10-10,48.99459457397461,0.008961343140947875
2019-10-11,49.92424774169922,0.01897460680730756
2019-10-14,49.855018615722656,-0.0013866834075245693
2019-10-15,50.50774765014648,0.01309254419209016
2019-10-16,50.38907241821289,-0.0023496441131293233
2019-10-17,50.2901725769043,-0.001962723990784343
2019-10-18,50.39896011352539,0.002163196725060601
2019-10-21,50.89345932006836,0.009811694634752177
2019-10-22,50.32973098754883,-0.01107663617389909
2019-10-23,50.53742599487305,0.004126686220031761
2019-10-24,50.2802848815918,-0.005088132373566756
2019-10-25,50.43852615356445,0.003147183281584587
2019-10-28,48.87591171264648,-0.03098057298820467
2019-10-29,48.84624862670898,-0.0006069060381297398
2019-10-30,48.65834426879883,-0.0038468534062082727
2019-10-31,48.4605484008789,-0.0040649938030621335
2019-11-01,49.24184799194336,0.01612238443117353
2019-11-04,49.25173568725586,0.00020079862384769775
2019-11-05,49.93414688110352,0.013855576546193404
2019-11-06,50.30995178222656,0.007526010247413506
2019-11-07,50.46818923950195,0.0031452516186130097
2019-11-08,50.43852615356445,-0.0005877580785934589
2019-11-11,49.96380996704102,-0.009411777518599895
2019-11-12,50.09238052368164,0.0025732736699910497
2019-11-13,49.80557250976562,-0.005725581633726384
2019-11-14,49.53854370117188,-0.005361424337434917
2019-11-15,49.60776901245117,0.0013974030342287502
2019-11-18,49.71655654907226,0.0021929536196998445
2019-11-19,49.62755966186523,-0.0017900855043970765
2019-11-20,49.79568099975586,0.003387660788402913
2019-11-21,49.89458084106445,0.001986112837960352
2019-11-22,50.09238052368164,0.0039643520254686315
2019-11-25,50.24072265625,0.002961371190938422
2019-11-26,50.05555725097656,-0.0036855641297269814
2019-11-27,50.52095413208008,0.009297606632766797
2019-11-29,50.40213012695313,-0.002351974683935998
2019-12-02,49.67927169799805,-0.01434182299705089
2019-12-03,48.02560424804688,-0.033286869823774046
2019-12-04,48.40188980102539,0.007835102938737348
2019-12-05,48.66925430297852,0.005523844276581702
2019-12-06,49.66936874389648,0.020549204117490394
2019-12-09,49.83770751953125,0.003389186935367716
2019-12-10,49.58024597167969,-0.0051659990129093725
2019-12-11,49.50103378295898,-0.0015976562271585726
2019-12-12,50.59027099609375,0.022004332634963042
2019-12-13,50.11497116088867,-0.009395083794703885
2019-12-16,50.57046890258789,0.00908905524931658
2019-12-17,50.897239685058594,0.006461691765210942
2019-12-18,50.81802368164063,-0.001556390953775355
2019-12-19,50.66948699951172,-0.002922913395047577
2019-12-20,51.15469360351562,0.009575913093585742
2019-12-23,50.897239685058594,-0.005032850366624597
2019-12-24,50.94675827026367,0.0009729129813618176
2019-12-26,51.43195724487305,0.009523647648697953
2019-12-27,51.38245010375977,-0.000962575483518302
2019-12-30,51.50127029418945,0.0023124664197549105
2019-12-31,51.97657775878906,0.009229043514548785
2020-01-02,52.44197845458984,0.008954046531508553
2020-01-03,52.24393844604492,-0.0037763641720038876
2020-01-06,51.57059097290039,-0.012888528184756498
2020-01-07,51.33293914794922,-0.0046082819775336015
2020-01-08,51.34283447265625,0.00019276754597097323
2020-01-09,52.19442749023438,0.01658640443841608
2020-01-10,51.56068420410156,-0.01214197217224755
2020-01-13,51.59039306640625,0.0005761921658580249
2020-01-14,51.52107620239258,-0.0013436002304624273
2020-01-15,51.17449951171875,-0.006726891521294243
2020-01-16,51.63000106811523,0.008900947947564575
2020-01-17,51.87755584716797,0.004794785472232332
2020-01-21,50.99626541137695,-0.01698789430996539
2020-01-22,51.37255096435547,0.007378688418516299
2020-01-23,50.95665740966797,-0.008095637590122107
2020-01-24,50.84772491455078,-0.0021377480520635705
2020-01-27,50.29320526123047,-0.010905495855560443
2020-01-28,50.98636245727539,0.013782322929003277
2020-01-29,51.16460037231445,0.0034957958647945375
2020-01-30,51.867652893066406,0.013740995055878225
2020-01-31,50.94675827026367,-0.017754700115335975
2020-02-03,51.8874626159668,0.018464459322668825
2020-02-04,52.2142333984375,0.006297682831192253
2020-02-05,53.0559196472168,0.016119862229069692
2020-02-06,52.78855514526367,-0.005039296344892419
2020-02-07,52.72914505004883,-0.0011254351450112887
2020-02-10,55.26410675048828,0.048075152707925506
2020-02-11,54.18476486206055,-0.019530613121114038
2020-02-12,53.40249252319336,-0.01443712713082057
2020-02-13,53.531227111816406,0.002410647566068791
2020-02-14,53.659950256347656,0.002404636536023519
2020-02-18,53.17474365234375,-0.00904224848673818
2020-02-19,53.18463897705078,0.0001860906894395331
2020-02-20,53.36288070678711,0.003351376133496675
2020-02-21,53.105430603027344,-0.004824516599363782
2020-02-24,51.81814956665039,-0.024240101657391877
2020-02-25,49.92752075195313,-0.036485841939713826
2020-02-26,48.52963256835938,-0.027998349658471033
2020-02-27,45.81315231323242,-0.05597570208883196
2020-02-28,45.23814392089844,-0.012551164093720368
2020-03-02,48.27185821533203,0.06706098065690358
2020-03-03,46.67568588256836,-0.03306631216978295
2020-03-04,48.08349227905274,0.03016145065390763
2020-03-05,45.13899612426758,-0.061237152611477774
2020-03-06,43.80059051513672,-0.029650761515524815
2020-03-09,39.05172348022461,-0.1084201600722936
2020-03-10,42.809181213378906,0.09621746233702178
2020-03-11,39.38880920410156,-0.07989809457529162
2020-03-12,32.90496826171875,-0.16461124551355188
2020-03-13,36.69216537475586,0.1150949936469956
2020-03-16,33.13299560546875,-0.09700081019845752
2020-03-17,36.40465927124024,0.098743370648668
2020-03-18,34.29294586181641,-0.05800667968597317
2020-03-19,36.98958969116211,0.07863552580789746
2020-03-20,30.99154663085937,-0.16215489575262432
2020-03-23,29.48459815979004,-0.04862450038452781
2020-03-24,33.450252532958984,0.13449918332538613
2020-03-25,33.00411605834961,-0.013337312600847806
2020-03-26,35.105907440185554,0.06368270485172456
2020-03-27,33.410594940185554,-0.04829137383468929
2020-03-30,35.125732421875,0.051335137394590724
2020-03-31,34.53088760375977,-0.016934730668983322
2020-04-01,32.34978485107422,-0.06316381952626293
2020-04-02,32.895057678222656,0.016855531795919587
2020-04-03,32.4191780090332,-0.014466600844554756
2020-04-06,35.39341354370117,0.09174308903943329
2020-04-07,35.95852279663086,0.01596650891646645
2020-04-08,37.64392471313477,0.04687072174894302
2020-04-09,39.08147048950195,0.038187988827466546
2020-04-13,37.09864044189453,-0.050735809650254815
2020-04-14,37.09864044189453,0.0
2020-04-15,34.263206481933594,-0.07642959219494616
2020-04-16,33.70801544189453,-0.016203709373546427
2020-04-17,35.82963562011719,0.06294111802220681
2020-04-20,34.66968536376953,-0.03237404557071133
2020-04-21,33.42050552368164,-0.0360308963574647
2020-04-22,33.47998809814453,0.001779822702584255
2020-04-23,32.637283325195305,-0.02517040240512891
2020-04-24,32.121761322021484,-0.015795493700783925
2020-04-27,32.280384063720696,0.004938170734444247
2020-04-28,33.81707000732422,0.04760432653372848
2020-04-29,36.38483047485352,0.0759308972354249
2020-04-30,34.362350463867195,-0.05558580278075265
2020-05-01,31.34845352172852,-0.08770927778377258
2020-05-04,31.48725318908692,0.0044276400193774545
2020-05-05,30.52558326721192,-0.030541562838142466
2020-05-06,29.42511749267578,-0.03605060597542031
2020-05-07,30.07944869995117,0.02223716549095367
2020-05-08,30.75360870361328,0.022412644938642368
2020-05-11,29.752281188964844,-0.032559675331070626
2020-05-12,29.34580039978028,-0.01366217220800292
2020-05-13,28.552669525146484,-0.027027065673074446
2020-05-14,28.84018135070801,0.010069525208783459
2020-05-15,29.55399703979492,0.024750735108306943
2020-05-18,31.37819480895996,0.06172423197812238
2020-05-19,30.79326248168945,-0.01864136324067578
2020-05-20,31.913558959960927,0.036381220695197225
2020-05-21,31.81441879272461,-0.0031065218191647093
2020-05-22,31.63596534729004,-0.005609200237075451
2020-05-26,32.82105255126953,0.03746012460722992
2020-05-27,34.013107299804695,0.036319820842828365
2020-05-28,33.556156158447266,-0.013434560310226384
2020-05-29,33.019737243652344,-0.015985708025139433
2020-06-01,33.546218872070305,0.015944452390188824
2020-06-02,34.41045379638672,0.025762513731046877
2020-06-03,35.24489212036133,0.024249558837908358
2020-06-04,36.25813293457031,0.02874858605748498
2020-06-05,38.82102966308594,0.07068474080395992
2020-06-08,39.68526840209961,0.022262128194797892
2020-06-09,38.0064697265625,-0.042302817723875896
2020-06-10,35.93031692504883,-0.05462629958663745
2020-06-11,31.97668838500977,-0.11003600520102252
2020-06-12,32.80118942260742,0.025784441080026532
2020-06-15,33.357479095458984,0.016959436003505246
2020-06-16,33.69522476196289,0.010125035694015683
2020-06-17,33.17867660522461,-0.015330010717761744
2020-06-18,33.65549087524414,0.01437110574640732
2020-06-19,34.499862670898445,0.02508867865823916
2020-06-22,33.83429718017578,-0.01929183014644531
2020-06-23,34.112442016601555,0.008220795453340868
2020-06-24,32.9501953125,-0.03407104960518281
2020-06-25,33.615760803222656,0.020199136436382936
2020-06-26,32.592578887939446,-0.03043756532159525
2020-06-29,33.466751098632805,0.02682120410597011
2020-06-30,34.062774658203125,0.017809423980646555
2020-07-01,33.317745208740234,-0.02187224784060482
2020-07-02,33.466751098632805,0.0044722681249596
2020-07-06,34.29125213623047,0.02463642303274982
2020-07-07,33.446884155273445,-0.0246234222536571
2020-07-08,33.69522476196289,0.007424925010549588
2020-07-09,32.60251617431641,-0.032429182335652174
2020-07-10,34.27138519287109,0.05118835029884505
2020-07-13,34.440258026123054,0.004927517002933923
2020-07-14,35.28462600708008,0.02451688893609827
2020-07-15,35.81111526489258,0.014921208395601404
2020-07-16,35.99985122680664,0.005270317903198318
2020-07-17,35.93031692504883,-0.001931516364324204
2020-07-20,35.20515060424805,-0.02018257513045285
2020-07-21,36.20846176147461,0.028498987790312125
2020-07-22,36.427001953125,0.006035611042800815
2020-07-23,36.81442260742188,0.010635535002178509
2020-07-24,36.62567901611328,-0.005126892612748679
2020-07-27,36.039588928222656,-0.016002163062499908
2020-07-28,36.1389274597168,0.002756372490595904
2020-07-29,37.12236785888672,0.027212772162819254
2020-07-30,36.28792953491211,-0.022478046851606037
2020-07-31,36.16872787475586,-0.003284884579638714
2020-08-03,35.36409378051758,-0.02224667942495928
2020-08-04,35.145553588867195,-0.006179719831270747
2020-08-05,36.238258361816406,0.031090839704267514
2020-08-06,36.26805877685547,0.000822346778962757
2020-08-07,37.50978088378906,0.034237346822819203
2020-08-10,38.344215393066406,0.02224578468913352
2020-08-11,38.35414505004883,0.00025896101616984524
2020-08-12,37.88726043701172,-0.012172989710182991
2020-08-13,37.6091194152832,-0.007341280908682468
2020-08-14,37.36077880859375,-0.006603201844405215
2020-08-17,36.5561408996582,-0.021536968301915205
2020-08-18,36.19094848632813,-0.009989906055250075
2020-08-19,36.03173828125,-0.004399171940417057
2020-08-20,35.4346923828125,-0.016569999864485818
2020-08-21,35.1461181640625,-0.0081438330445327
2020-08-24,36.42976760864258,0.03652322110191486
2020-08-25,36.3004035949707,-0.003551052399279775
2020-08-26,35.7232666015625,-0.01589891395830556
2020-08-27,36.59893035888672,0.02451242119291286
2020-08-28,36.73823928833008,0.0038063661445104646
2020-08-31,35.6834602355957,-0.028710658789503407
2020-09-01,35.99193572998047,0.008644775264172733
2020-09-02,36.41981506347656,0.011888200087545764
2020-09-03,36.43971633911133,0.0005464408756628014
2020-09-04,36.6884880065918,0.0068269375415928035
2020-09-08,35.454593658447266,-0.033631648922758495
2020-09-09,35.63370895385742,0.005051963001907911
2020-09-10,34.98690795898437,-0.018151380079761137
2020-09-11,35.09636688232422,0.003128568076612215
2020-09-14,35.92227935791016,0.023532705774223617
2020-09-15,35.21577453613281,-0.019667594440155645
2020-09-16,36.88750457763672,0.0474710570340755
2020-09-17,36.807899475097656,-0.002158050631251518
2020-09-18,36.50937271118164,-0.008110399348324249
2020-09-21,34.64857864379883,-0.050967571590538774
2020-09-22,34.549072265625,-0.0028718747512500586
2020-09-23,33.37488174438477,-0.03398616646527153
2020-09-24,33.37488174438477,0.0
2020-09-25,33.51419448852539,0.004174179408562351
2020-09-28,34.559024810791016,0.031175755175119946
2020-09-29,34.031627655029304,-0.015260764985389086
2020-09-30,34.57892227172852,0.016081940665519046
2020-10-01,34.68838119506836,0.003165481054605568
2020-10-02,35.325233459472656,0.018359238524939814
2020-10-05,35.9720344543457,0.018309885923757596
2020-10-06,35.325233459472656,-0.017980662052738294
2020-10-07,35.92227935791016,0.016901399933350048
2020-10-08,36.807899475097656,0.024653784030897796
2020-10-09,36.79794692993164,-0.0002703915547462854
2020-10-12,37.17607498168945,0.010275792083667579
2020-10-13,35.70336151123047,-0.03961454971199485
2020-10-14,35.175968170166016,-0.014771531831773377
2020-10-15,35.46453857421875,0.008203623640343105
2020-10-16,35.564048767089844,0.002805906882528353
2020-10-19,34.767990112304695,-0.022383802811613562
2020-10-20,35.066516876220696,0.008586253129724275
2020-10-21,35.424739837646484,0.01021552732740072
2020-10-22,35.753116607666016,0.009269701669638142
2020-10-23,36.05163955688477,0.008349564388877573
2020-10-26,34.95705032348633,-0.030361704678405155
2020-10-27,33.981876373291016,-0.02789634540589736
2020-10-28,33.09625625610352,-0.026061542554594475
2020-10-29,34.051536560058594,0.028863696744519274
2020-10-30,34.50926971435547,0.013442364149692576
2020-11-02,37.1462287902832,0.07641306517798574
2020-11-03,37.70346450805664,0.015001138363720079
2020-11-04,36.23075485229492,-0.03906032708073881
2020-11-05,37.70346450805664,0.04064805333936983
2020-11-06,37.50444793701172,-0.0052784690648891575
2020-11-09,42.34052658081055,0.1289468025744831
2020-11-10,42.15146255493164,-0.004465320607623058
2020-11-11,41.14643478393555,-0.0238432478988444
2020-11-12,40.8479118347168,-0.007255135245284983
2020-11-13,42.09175491333008,0.0304505915417721
2020-11-16,43.41520690917969,0.03144207217244066
2020-11-17,43.45500564575195,0.0009167003777159621
2020-11-18,42.85796737670898,-0.01373922889137491
2020-11-19,42.60919952392578,-0.005804471560599156
2020-11-20,42.20121383666992,-0.00957506106226591
2020-11-23,43.31570053100586,0.026408877684165777
2020-11-24,44.73374557495117,0.03273743761641956
2020-11-25,44.21555709838867,-0.01158383832836618
2020-11-27,43.2588996887207,-0.021636217486510678
2020-11-30,41.764122009277344,-0.03455422329738789
2020-12-01,42.41185760498047,0.0155093789726799
2020-12-02,42.42182540893555,0.0002350239889965522
2020-12-03,42.47164535522461,0.0011743942135635788
2020-12-04,43.1991081237793,0.017128198412619255
2020-12-07,42.61116027832031,-0.0136101848161847
2020-12-08,43.21903610229492,0.014265648248116047
2020-12-09,43.009765625,-0.0048420903418484595
2020-12-10,43.50802612304688,0.01158482244221437
2020-12-11,43.50802612304688,0.0
2020-12-14,42.72077560424805,-0.01809437450856488
2020-12-15,44.17569732666016,0.03405653810900011
2020-12-16,44.20559310913086,0.0006767472678388398
2020-12-17,44.25541687011719,0.001127091788211576
2020-12-18,43.64754104614258,-0.013735625307939814
2020-12-21,43.61764526367188,-0.0006849362359059308
2020-12-22,42.900150299072266,-0.016449649224810403
2020-12-23,43.94649505615234,0.024390235227280677
2020-12-24,43.84684371948242,-0.002267560508354194
2020-12-28,44.265380859375,0.00954543370488059
2020-12-29,43.90663909912109,-0.008104341435434259
2020-12-30,44.265380859375,0.008170558430674602
2020-12-31,44.86329650878906,0.013507522985367615
2021-01-04,44.24545669555664,-0.013771609785994676
2021-01-05,44.56433868408203,0.007207112601855359
2021-01-06,46.70685195922852,0.0480768555847948
2021-01-07,46.5872688293457,-0.0025602909394794038
2021-01-08,46.41786575317383,-0.003636252573474885
2021-01-11,46.38796997070313,-0.0006440576701579603
2021-01-12,46.75667953491211,0.007948387576387494
2021-01-13,46.97591400146485,0.004688837375396604
2021-01-14,47.23501205444336,0.0055155510751834225
2021-01-15,47.02574157714844,-0.004430410159601883
2021-01-19,47.39445495605469,0.00784067122687171
2021-01-20,47.1851806640625,-0.0044155860044435835
2021-01-21,46.36803817749024,-0.017317778062352907
2021-01-22,46.32817840576172,-0.000859638951640429
2021-01-25,46.56734085083008,0.005162353740172376
2021-01-26,46.059120178222656,-0.010913671756251131
2021-01-27,45.19214248657226,-0.01882314921118089
2021-01-28,45.87974166870117,0.015215016246092228
2021-01-29,45.13235473632813,-0.016290129481764337
2021-02-01,45.72029876708984,0.013027107364474766
2021-02-02,46.00929260253906,0.00632090872637181
2021-02-03,46.73675155639648,0.015811131028284242
2021-02-04,47.64358520507813,0.019403009804551674
2021-02-05,47.63361358642578,-0.00020929614363462967
2021-02-08,48.2514533996582,0.012970668540849273
2021-02-09,47.93257141113281,-0.006608754059367894
2021-02-10,47.82295989990234,-0.002286785540677627
2021-02-11,48.05215835571289,0.004792644710621907
2021-02-12,48.45076370239258,0.008295264152943016
2021-02-16,48.6002426147461,0.0030851714386113116
2021-02-17,48.351112365722656,-0.005126111221260721
2021-02-18,47.19514846801758,-0.023907700177846825
2021-02-19,47.8927116394043,0.014780399978176373
2021-02-22,49.30776977539063,0.029546419226387677
2021-02-23,50.33848571777344,0.020903722619740828
2021-02-24,50.26864242553711,-0.0013874730485122777
2021-02-25,48.62228775024414,-0.03275112666373903
2021-02-26,47.70431900024414,-0.018879587787298036
2021-03-01,49.41054153442383,0.03576662595625679
2021-03-02,49.27085113525391,-0.002827137587079309
2021-03-03,49.48038482666016,0.004252690720342178
2021-03-04,48.85177612304688,-0.012704199973695096
2021-03-05,49.93936920166016,0.022263122550014725
2021-03-08,50.08903884887695,0.0029970271873560606
2021-03-09,49.06131362915039,-0.020517966472211602
2021-03-10,50.38837432861328,0.027049025011723238
2021-03-11,50.09901428222656,-0.005742595395112904
2021-03-12,51.45600891113281,0.027086254058049652
2021-03-15,51.91499328613281,0.008919937335067907
2021-03-16,51.26642990112305,-0.012492795317051608
2021-03-17,52.00479125976562,0.014402433718646579
2021-03-18,52.74316024780274,0.014198095409112321
2021-03-19,52.28417587280274,-0.008702253957547423
2021-03-22,51.58572387695313,-0.013358764562891978
2021-03-23,50.90722274780274,-0.013152885685365434
2021-03-24,50.78749084472656,-0.0023519629752606352
2021-03-25,51.88505935668945,0.02161100093167634
2021-03-26,52.54359817504883,0.012692262985230185
2021-03-29,52.02474975585938,-0.00987462673303996
2021-03-30,52.55357360839844,0.010164851441298861
2021-03-31,51.1666488647461,-0.026390683799868087
2021-04-01,52.13450622558594,0.018915785620400305
2021-04-05,52.6234245300293,0.009378017360091917
2021-04-06,52.94271469116211,0.00606745311587642
2021-04-07,53.23207092285156,0.00546545890926442
2021-04-08,52.892822265625,-0.006373012572030712
2021-04-09,53.49150085449219,0.011318711371850254
2021-04-12,54.06023788452149,0.010632287764300807
2021-04-13,53.37176513671875,-0.012735288906301045
2021-04-14,53.90059661865234,0.009908450293500959
2021-04-15,53.91057205200195,0.00018507092639796774
2021-04-16,54.24982070922852,0.006292803884539122
2021-04-19,54.14006042480469,-0.002023237735883643
2021-04-20,53.81079483032226,-0.006081736737988064
2021-04-21,54.68885040283203,0.01631746149222435
2021-04-22,54.16001510620117,-0.009669892358963761
2021-04-23,55.08796310424805,0.01713345161051527
2021-04-26,55.10791778564453,0.00036223305912974624
2021-04-27,55.43719100952149,0.005975061971271511
2021-04-28,55.26756286621094,-0.0030598257274871976
2021-04-29,56.02588653564453,0.013720953668054925
2021-04-30,55.62677001953125,-0.007123787605919585
2021-05-03,56.91391754150391,0.023138994435965454
2021-05-04,57.35294342041016,0.007713858013483232
2021-05-05,57.15338897705078,-0.003479410671159533
2021-05-06,58.05139923095703,0.01571228355796772
2021-05-07,58.31082153320313,0.00446883805873477
2021-05-10,58.30084609985352,-0.0001710734489297483
2021-05-11,57.58243560791016,-0.012322471113247913
2021-05-12,56.53475570678711,-0.01819443533540166
2021-05-13,58.02146530151367,0.026297267515177136
2021-05-14,58.79973983764648,0.01341356224094703
2021-05-17,58.32080459594727,-0.00814519321040541
2021-05-18,58.0114860534668,-0.005303742714516169
2021-05-19,58.08132934570313,0.001203956267763262
2021-05-20,57.63232421875,-0.007730627587406391
2021-05-21,57.61237335205078,-0.0003461749455651031
2021-05-24,58.45051574707031,0.014547958125208815
2021-05-25,57.29483032226562,-0.019772031264969958
2021-05-26,57.46463394165039,0.002963681337909252
2021-05-27,58.11389541625977,0.011298453154137356
2021-05-28,58.31367111206055,0.0034376579709518573
2021-06-01,58.43353271484375,0.0020554631615092855
2021-06-02,58.22377395629883,-0.0035896983940462146
2021-06-03,58.12388229370117,-0.0017156507696088896
2021-06-04,57.99403381347656,-0.002233995306240577
2021-06-07,57.24488830566406,-0.012917630634591504
2021-06-08,57.28483963012695,0.0006979020423547588
2021-06-09,56.3858642578125,-0.0156930765298271
2021-06-10,55.85646438598633,-0.009388875719020695
2021-06-11,56.18608856201172,0.005901271762343896
2021-06-14,55.75657653808594,-0.007644454969520376
2021-06-15,56.44579315185547,0.012361171660149273
2021-06-16,56.06622695922852,-0.00672443722432603
2021-06-17,54.39812088012695,-0.029752422618247842
2021-06-18,52.94976806640625,-0.026625052304882546
2021-06-21,54.49801254272461,0.029239872672844447
2021-06-22,54.3581657409668,-0.0025660899404024162
2021-06-23,54.16838455200195,-0.003491309656569519
2021-06-24,55.057373046875,0.016411574800049955
2021-06-25,55.55680465698242,0.00907111223200241
2021-06-28,54.44806671142578,-0.01995683431403561
2021-06-29,54.34817886352539,-0.0018345527019314467
2021-06-30,54.58790969848633,0.00441101873096672
2021-07-01,55.13728332519531,0.010064016551346588
2021-07-02,54.92752456665039,-0.0038042998474876466
2021-07-06,53.84874725341797,-0.01964001330377463
2021-07-07,54.03853225708008,0.0035244088923547245
2021-07-08,52.81991958618164,-0.02255080994985348
2021-07-09,54.6478385925293,0.034606622286980304
2021-07-12,54.98745346069336,0.0062146075107623044
2021-07-13,54.19834899902344,-0.014350627497852653
2021-07-14,54.33819198608398,0.002580207508960486
2021-07-15,54.5279769897461,0.0034926632029039784
2021-07-16,53.95862197875977,-0.010441520892905953
2021-07-19,51.70119094848633,-0.04183633583455959
2021-07-20,53.2694091796875,0.030332342494077125
2021-07-21,54.04852294921875,0.014625913475089458
2021-07-22,53.45919036865234,-0.010903768473379372
2021-07-23,53.50913619995117,0.0009342796057032476
2021-07-26,53.9086799621582,0.007466832593111317
2021-07-27,53.68893051147461,-0.004076327798006707
2021-07-28,53.18949890136719,-0.009302319963342964
2021-07-29,53.798805236816406,0.011455387774551129
2021-07-30,53.569068908691406,-0.004270286804952783
2021-08-02,53.58904647827149,0.00037293105866997855
2021-08-03,53.51912689208984,-0.0013047365231625419
2021-08-04,52.94976806640625,-0.010638417678815681
2021-08-05,53.95862197875977,0.019053037420074803
2021-08-06,54.86758804321289,0.01684561301085341
2021-08-09,55.03739547729492,0.0030948587342365386
2021-08-10,55.52684020996094,0.008892948665565559
2021-08-11,56.11616897583008,0.010613403601587024
2021-08-12,56.086204528808594,-0.0005339717156099821
2021-08-13,55.5767822265625,-0.009082844997728934
2021-08-16,55.387001037597656,-0.003414756690863996
2021-08-17,55.38000106811523,-0.0001263828940237799
2021-08-18,54.70000076293945,-0.01227880628495115
2021-08-19,54.6500015258789,-0.0009140628219960201
