Date,Adj Close,daily_return
2017-01-03,15.388322830200195,
2017-01-04,15.766725540161133,0.02459025029149431
2017-01-05,15.167587280273438,-0.038000170571978686
2017-01-06,14.915321350097654,-0.016631908919612637
2017-01-09,14.757655143737791,-0.010570754907592406
2017-01-10,14.978386878967283,0.014957100777839738
2017-01-11,15.13605499267578,0.010526374768026203
2017-01-12,14.694586753845217,-0.029166664566439904
2017-01-13,14.789191246032717,0.006438050540124474
2017-01-17,14.379249572753904,-0.027719005485765225
2017-01-18,14.473854064941404,0.00657923709501218
2017-01-19,14.221583366394045,-0.017429407358639182
2017-01-20,14.473854064941404,0.01773858030066333
2017-01-23,14.473854064941404,0.0
2017-01-24,14.915321350097654,0.030501018123816337
2017-01-25,14.820720672607422,-0.0063425168837957235
2017-01-26,14.568451881408691,-0.017021357919860813
2017-01-27,14.88378620147705,0.02164501229336313
2017-01-30,14.15851879119873,-0.04872869043270356
2017-01-31,14.032386779785154,-0.008908559805845151
2017-02-01,14.663057327270508,0.044943925604579826
2017-02-02,14.536917686462402,-0.008602547067282473
2017-02-03,14.59998893737793,0.004338694919780783
2017-02-06,14.284650802612305,-0.02159851874670382
2017-02-07,14.06391716003418,-0.015452505323949373
2017-02-08,13.874715805053713,-0.013452962842964267
2017-02-09,14.253117561340332,0.027272757266047165
2017-02-10,14.41078758239746,0.011062142747267245
2017-02-13,14.442317962646484,0.0021879706482899053
2017-02-14,14.12698459625244,-0.021833985874678885
2017-02-15,14.379249572753904,0.017856958417607816
2017-02-16,14.221583366394045,-0.010964842467065083
2017-02-17,14.15851879119873,-0.004434427135893815
2017-02-21,14.284650802612305,0.008908559805844929
2017-02-22,14.253117561340332,-0.0022074912231110355
2017-02-23,12.23497486114502,-0.14159307193741622
2017-02-24,12.077312469482422,-0.012886204790112932
2017-02-27,11.79351043701172,-0.023498773687260943
2017-02-28,11.982711791992188,0.016042836099648072
2017-03-01,12.455713272094728,0.039473659077625456
2017-03-02,11.88811206817627,-0.045569546401657224
2017-03-03,12.014244079589846,0.010609927858202362
2017-03-06,11.698911666870115,-0.026246546235516033
2017-03-07,11.478177070617676,-0.01886795990412793
2017-03-08,11.162842750549316,-0.02747250875538121
2017-03-09,11.068239212036133,-0.008474860806269802
2017-03-10,11.131308555603027,0.005698227365587671
2017-03-13,11.225905418395996,0.008498269751524568
2017-03-14,11.194375038146973,-0.002808716007650869
2017-03-15,11.295907974243164,0.009069995935476305
2017-03-16,11.327640533447266,0.0028092083678847857
2017-03-17,11.518021583557127,0.016806770090180834
2017-03-20,11.10552978515625,-0.035812730112412816
2017-03-21,10.597850799560549,-0.04571407176578546
2017-03-22,10.47092628479004,-0.01197643910742463
2017-03-23,10.851692199707031,0.03636410997087114
2017-03-24,10.693039894104004,-0.014620052124894478
2017-03-27,10.946879386901855,0.023738758604820553
2017-03-28,11.042070388793944,0.00869572035350874
2017-03-29,10.756499290466309,-0.02586209725826849
2017-03-30,11.042070388793944,0.026548702381335332
2017-03-31,11.137258529663086,0.008620497562281892
2017-04-03,10.756499290466309,-0.03418787829901404
2017-04-04,10.97861099243164,0.020649069550182864
2017-04-05,10.597850799560549,-0.03468200058582804
2017-04-06,10.724769592285156,0.01197589918230113
2017-04-07,11.01033878326416,0.02662707002903142
2017-04-10,10.946879386901855,-0.00576361886872756
2017-04-11,11.20072078704834,0.023188471451527137
2017-04-12,10.693039894104004,-0.04532573417340957
2017-04-13,10.407469749450684,-0.026706170320264122
2017-04-17,10.566115379333496,0.015243438962787792
2017-04-18,10.534388542175291,-0.0030026964517404497
2017-04-19,10.43919849395752,-0.009036124672701318
2017-04-20,10.81995964050293,0.036474174407719495
2017-04-21,10.566115379333496,-0.023460740113965373
2017-04-24,10.91515064239502,0.03303345179669437
2017-04-25,10.91515064239502,0.0
2017-04-26,11.168990135192873,0.023255702199100003
2017-04-27,11.137258529663086,-0.002841045174693302
2017-04-28,10.883419036865234,-0.022791918866009397
2017-05-01,10.50265884399414,-0.03498534712128154
2017-05-02,10.566115379333496,0.006041949594091767
2017-05-03,10.31227684020996,-0.02402382805889336
2017-05-04,10.185357093811035,-0.012307635681776397
2017-05-05,10.375737190246582,0.018691548532081326
2017-05-08,10.217087745666504,-0.015290426277297375
2017-05-09,10.058438301086426,-0.015527853780777034
2017-05-10,10.026707649230955,-0.0031546300634008873
2017-05-11,9.899786949157717,-0.012658262763148742
2017-05-12,9.709406852722168,-0.01923072662202563
2017-05-15,9.899786949157717,0.019607798841200452
2017-05-16,10.090166091918944,0.019230630289212902
2017-05-17,9.614214897155762,-0.04716980775414226
2017-05-18,9.741135597229004,0.01320135876209605
2017-05-19,9.55075740814209,-0.01954373668107745
2017-05-22,9.931516647338867,0.03986691556757349
2017-05-23,10.12189769744873,0.019169383375184257
2017-05-24,10.12189769744873,0.0
2017-05-25,10.248818397521973,0.012539219805119517
2017-05-26,10.12189769744873,-0.012383934923066775
2017-05-30,10.090166091918944,-0.003134946279667039
2017-05-31,10.026707649230955,-0.006289137573147752
2017-06-01,10.248818397521973,0.022151912278808084
2017-06-02,10.50265884399414,0.024767776794009988
2017-06-05,10.280547142028809,-0.021148140224734102
2017-06-06,10.280547142028809,0.0
2017-06-07,10.31227684020996,0.003086382246274999
2017-06-08,10.66130828857422,0.03384620620378498
2017-06-09,11.01033878326416,0.03273805477175795
2017-06-12,10.81995964050293,-0.017290943222438293
2017-06-13,10.81995964050293,0.0
2017-06-14,10.570858001708984,-0.023022418481254747
2017-06-15,10.506985664367676,-0.006042303976742658
2017-06-16,10.02794361114502,-0.045592719789009584
2017-06-19,10.0598783493042,0.0031845749634737963
2017-06-20,9.772455215454102,-0.028571233554725572
2017-06-21,9.58083724975586,-0.019607965600621946
2017-06-22,9.644709587097168,0.006666675957045065
2017-06-23,9.676645278930664,0.0033112134217312406
2017-06-26,9.516963958740234,-0.016501723023588544
2017-06-27,9.58083724975586,0.006711519691840806
2017-06-28,9.70858097076416,0.013333252374322146
2017-06-29,9.70858097076416,0.0
2017-06-30,9.740517616271973,0.003289527646108681
2017-07-03,10.091815948486328,0.03606567392553095
2017-07-05,9.80438995361328,-0.02848109758840378
2017-07-06,9.548901557922363,-0.026058571405226383
2017-07-07,9.836326599121094,0.03010032509553562
2017-07-10,9.70858097076416,-0.012987127569386359
2017-07-11,9.740517616271973,0.003289527646108681
2017-07-12,9.740517616271973,0.0
2017-07-13,9.676645278930664,-0.006557386358462813
2017-07-14,9.740517616271973,0.0066006694985896175
2017-07-17,9.836326599121094,0.009836128491679696
2017-07-18,9.644709587097168,-0.01948054592260562
2017-07-19,9.836326599121094,0.0198675771720771
2017-07-20,10.155686378479004,0.03246738262904425
2017-07-21,9.772455215454102,-0.03773562403788
2017-07-24,9.80438995361328,0.003267831620110906
2017-07-25,9.964071273803713,0.016286716557166736
2017-07-26,9.516963958740234,-0.044871950709441166
2017-07-27,9.485030174255373,-0.003355459222427082
2017-07-28,9.676645278930664,0.02020184450181084
2017-07-31,9.644709587097168,-0.0033002854721801977
2017-08-01,9.612774848937988,-0.0033111145411679477
2017-08-02,10.411176681518556,0.08305633338211127
2017-08-03,10.794410705566406,0.03680986652816576
2017-08-04,10.826346397399902,0.002958539628015844
2017-08-07,10.76247501373291,-0.005899624981732687
2017-08-08,10.826346397399902,0.005934637115114549
2017-08-09,10.698600769042969,-0.01179951422832859
2017-08-10,10.666667938232422,-0.002984767027006563
2017-08-11,10.506985664367676,-0.014970211390231691
2017-08-14,10.634726524353027,0.012157707649545824
2017-08-15,11.049901008605955,0.039039507344377666
2017-08-16,10.73053741455078,-0.028901941637888617
2017-08-17,10.634726524353027,-0.008928806311958914
2017-08-18,10.411176681518556,-0.02102074203060622
2017-08-21,10.570858001708984,0.015337490187241398
2017-08-22,10.666667938232422,0.009063591291071038
2017-08-23,10.411176681518556,-0.02395230246158797
2017-08-24,10.411176681518556,0.0
2017-08-25,10.379240036010742,-0.0030675346778531454
2017-08-28,10.475050926208496,0.0092310120842507
2017-08-29,10.44311237335205,-0.003049011702323634
2017-08-30,10.379240036010742,-0.006116216608402447
2017-08-31,10.411176681518556,0.0030769734004618687
2017-09-01,10.634726524353027,0.021472101537889143
2017-09-05,10.219558715820312,-0.03903887961594499
2017-09-06,10.283432006835938,0.006250102650395828
2017-09-07,10.411176681518556,0.012422377528990447
2017-09-08,10.31536865234375,-0.009202420831535885
2017-09-11,10.251495361328123,-0.006192051216813654
2017-09-12,10.283432006835938,0.0031153158034182837
2017-09-13,10.53891944885254,0.024844569580152465
2017-09-14,10.706101417541504,0.0158632931488214
2017-09-15,10.641802787780762,-0.006005793075656074
2017-09-18,10.73825740814209,0.009063748152905005
2017-09-19,10.899006843566896,0.014969787863617467
2017-09-20,10.995457649230955,0.008849504092291571
2017-09-21,11.05976104736328,0.0058481784190966835
2017-09-22,11.027607917785645,-0.002907217383805949
2017-09-25,11.05976104736328,0.002915693939913977
2017-09-26,11.284812927246096,0.020348710873502096
2017-09-27,11.67061710357666,0.03418791067409521
2017-09-28,11.79921817779541,0.01101921801370187
2017-09-29,11.574166297912598,-0.019073456943641487
2017-10-02,11.95997142791748,0.03333329762805137
2017-10-03,12.185025215148926,0.018817251244105382
2017-10-04,11.927821159362791,-0.021108208743496726
2017-10-05,12.281476020812988,0.029649577800099358
2017-10-06,12.217175483703612,-0.005235570789733135
2017-10-09,11.992122650146484,-0.01842101996957668
2017-10-10,12.152874946594238,0.01340482424483791
2017-10-11,12.313626289367676,0.01322743330116194
2017-10-12,12.345778465270994,0.002611105384210166
2017-10-13,12.185025215148926,-0.013020908367525896
2017-10-16,12.24932861328125,0.0052772478511065035
2017-10-17,12.24932861328125,0.0
2017-10-18,12.442228317260742,0.015747777700268584
2017-10-19,12.345778465270994,-0.007751814990884398
2017-10-20,12.345778465270994,0.0
2017-10-23,12.24932861328125,-0.007812375077121292
2017-10-24,12.3779296875,0.010498622273821256
2017-10-25,12.506526947021484,0.010389238165680492
2017-10-26,12.410076141357422,-0.007712037568274099
2017-10-27,12.538678169250488,0.010362710625480442
2017-10-30,11.992122650146484,-0.04358956436447681
2017-10-31,12.442228317260742,0.03753344426549532
2017-11-01,12.217175483703612,-0.018087823806039793
2017-11-02,12.345778465270994,0.010526408639945029
2017-11-03,12.185025215148926,-0.013020908367525896
2017-11-06,12.152874946594238,-0.002638506526413842
2017-11-07,11.992122650146484,-0.01322751177430681
2017-11-08,12.088573455810549,0.008042846831864736
2017-11-09,11.992122650146484,-0.007978675566363336
2017-11-10,11.927821159362791,-0.0053619774129735065
2017-11-13,12.120725631713867,0.016172649620895374
2017-11-14,12.056421279907228,-0.0053053219551795205
2017-11-15,11.702765464782717,-0.029333398934383692
2017-11-16,12.281476020812988,0.04945075228344886
2017-11-17,12.152874946594238,-0.010471141579466048
2017-11-20,12.3779296875,0.01851864204106146
2017-11-21,12.602981567382812,0.01818170611439851
2017-11-22,12.635130882263184,0.002550929294665938
2017-11-24,12.699430465698242,0.005088952701338467
2017-11-27,12.442228317260742,-0.020253045924556567
2017-11-28,12.860184669494627,0.03359176038057954
2017-11-29,12.98878288269043,0.009999717461355528
2017-11-30,12.66728401184082,-0.02475203979874485
2017-12-01,12.506526947021484,-0.012690728704674803
2017-12-04,12.602981567382812,0.007712342584789145
2017-12-05,12.313626289367676,-0.02295927169837364
2017-12-06,12.24932861328125,-0.005221668627538589
2017-12-07,12.152874946594238,-0.007874200271060783
2017-12-08,12.120725631713867,-0.0026454081870874724
2017-12-11,12.410076141357422,0.023872375172528493
2017-12-12,12.281476020812988,-0.010362556931932554
2017-12-13,12.570830345153809,0.02356022385668144
2017-12-14,12.577299118041992,0.0005145859669228869
2017-12-15,12.60962963104248,0.0025705449713055994
2017-12-18,12.577299118041992,-0.0025639542116999703
2017-12-19,12.447968482971191,-0.010282862310659113
2017-12-20,12.383298873901367,-0.0051951938308882895
2017-12-21,12.803622245788574,0.033942762438938345
2017-12-22,12.480299949645994,-0.0252524082588369
2017-12-26,12.447968482971191,-0.0025906001302252735
2017-12-27,12.350969314575195,-0.007792369375668851
2017-12-28,12.60962963104248,0.020942511464427715
2017-12-29,12.41563606262207,-0.015384557207202554
2018-01-02,12.674293518066404,0.020833202112216842
2018-01-03,12.60962963104248,-0.005101971713985409
2018-01-04,12.512633323669435,-0.0076922407882829
2018-01-05,12.480299949645994,-0.002584058302282255
2018-01-08,12.868287086486816,0.031087965706451337
2018-01-09,12.383298873901367,-0.03768863791473398
2018-01-10,12.771289825439451,0.031331792561011484
2018-01-11,13.094616889953612,0.025316711853967666
2018-01-12,12.803622245788574,-0.02222246336876743
2018-01-16,12.900616645812988,0.007575543714304578
2018-01-17,12.641960144042969,-0.020049933183152846
2018-01-18,12.641960144042969,0.0
2018-01-19,12.60962963104248,-0.002557397162474273
2018-01-22,12.738961219787598,0.010256573153166082
2018-01-23,12.60962963104248,-0.010152443869930639
2018-01-24,12.60962963104248,0.0
2018-01-25,12.868287086486816,0.02051269252251231
2018-01-26,12.674293518066404,-0.015075321767116012
2018-01-29,12.447968482971191,-0.017857013866106275
2018-01-30,12.41563606262207,-0.002597405383324314
2018-01-31,11.86598300933838,-0.044271034565715794
2018-02-01,11.995315551757812,0.010899437688192348
2018-02-02,11.51032829284668,-0.04043138813801872
2018-02-05,10.702019691467283,-0.07022463485092212
2018-02-06,10.766682624816896,0.006042124310532637
2018-02-07,10.702019691467283,-0.0060058363010131455
2018-02-08,10.475692749023438,-0.021148058868205588
2018-02-09,10.637354850769045,0.015432115624112619
2018-02-12,10.605022430419922,-0.0030395169478421025
2018-02-13,10.572688102722168,-0.0030489636311380464
2018-02-14,10.669685363769531,0.009174323512143534
2018-02-15,10.863677978515623,0.018181662170172475
2018-02-16,10.863677978515623,0.0
2018-02-20,10.637354850769045,-0.020833011452858097
2018-02-21,10.831347465515137,0.018236922380385545
2018-02-22,10.087703704833984,-0.06865662495352187
2018-02-23,10.896013259887695,0.08012820149211675
2018-02-26,11.219337463378906,0.029673624267830823
2018-02-27,10.9283447265625,-0.02593671308722434
2018-02-28,10.314029693603516,-0.0562129991622452
2018-03-01,10.572688102722168,0.02507830758709817
2018-03-02,10.217032432556152,-0.03363909600950432
2018-03-05,11.15467357635498,0.09177235660044225
2018-03-06,11.380998611450195,0.02028970489777171
2018-03-07,11.704323768615724,0.028409208032082356
2018-03-08,11.51032829284668,-0.016574684672448048
2018-03-09,12.0276460647583,0.04494378950365108
2018-03-12,12.059977531433104,0.0026880959500077406
2018-03-13,11.96297836303711,-0.008043063773806813
2018-03-14,11.704323768615724,-0.021621254053302397
2018-03-15,11.840948104858398,0.011672979912690229
2018-03-16,11.873480796813965,0.002747473569470138
2018-03-19,11.645767211914062,-0.019178334373607164
2018-03-20,11.906009674072266,0.022346527920630743
2018-03-21,11.710829734802244,-0.016393396663792803
2018-03-22,11.548177719116213,-0.013889025745346006
2018-03-23,10.995165824890137,-0.04788737302775059
2018-03-26,11.125288009643556,0.011834490432045763
2018-03-27,10.930106163024902,-0.017543981463623015
2018-03-28,11.222877502441406,0.026785772713435296
2018-03-29,11.678300857543944,0.04057990965360392
2018-04-02,11.053722381591797,-0.05348196484839507
2018-04-03,11.125288009643556,0.006474346431111888
2018-04-04,11.255407333374023,0.011695816199785325
2018-04-05,11.41805648803711,0.01445075685362407
2018-04-06,11.125288009643556,-0.02564083289483554
2018-04-09,11.255407333374023,0.011695816199785325
2018-04-10,11.645767211914062,0.03468198590934701
2018-04-11,11.48311710357666,-0.013966457115079933
2018-04-12,11.775890350341797,0.025495973273140793
2018-04-13,11.645767211914062,-0.011049961791123275
2018-04-16,12.036127090454102,0.033519464320108217
2018-04-17,12.166248321533203,0.010810888760247606
2018-04-18,12.068658828735352,-0.008021330012237815
2018-04-19,11.93853759765625,-0.010781747410846032
2018-04-20,11.906009674072266,-0.0027246154160766034
2018-04-23,12.068658828735352,0.013661097136288047
2018-04-24,12.036127090454102,-0.002695555383817161
2018-04-25,12.166248321533203,0.010810888760247606
2018-04-26,12.036127090454102,-0.010695263456755089
2018-04-27,11.808419227600098,-0.01891869877600416
2018-04-30,11.450590133666992,-0.03030287856792402
2018-05-01,11.41805648803711,-0.002841219993913402
2018-05-02,12.328901290893556,0.07977231535075635
2018-05-03,12.231307983398438,-0.0079158154642055
2018-05-04,12.589140892028809,0.02925549001922434
2018-05-07,12.589140892028809,0.0
2018-05-08,13.012033462524414,0.03359185302019885
2018-05-09,13.207212448120115,0.014999883466164654
2018-05-10,13.597573280334473,0.02955664064220609
2018-05-11,13.40239143371582,-0.014354167658793493
2018-05-14,13.532511711120604,0.009708735791542855
2018-05-15,13.565043449401855,0.0024039689730708247
2018-05-16,13.760225296020508,0.01438858985941982
2018-05-17,14.05299472808838,0.021276499895139356
2018-05-18,14.313234329223633,0.018518444372223275
2018-05-21,14.573473930358888,0.018181746707235824
2018-05-22,14.443355560302734,-0.008928438797636051
2018-05-23,14.801186561584473,0.024774783102704312
2018-05-24,15.386727333068848,0.0395603939622049
2018-05-25,15.191547393798828,-0.01268495470447073
2018-05-29,15.451787948608398,0.017130615339145727
2018-05-30,15.777090072631836,0.021052717336360605
2018-05-31,15.516847610473633,-0.016494959524230635
2018-06-01,15.646967887878418,0.00838574178668594
2018-06-04,15.744558334350586,0.0062370196686969415
2018-06-05,15.874679565429688,0.008264520878633386
2018-06-06,16.004798889160153,0.008196658281772518
2018-06-07,15.777090072631836,-0.014227533760673539
2018-06-08,15.712027549743652,-0.00412386077462068
2018-06-11,15.874679565429688,0.010352070423189197
2018-06-12,15.712027549743652,-0.010246003077771904
2018-06-13,15.679498672485352,-0.00207031696929727
2018-06-14,15.58799648284912,-0.005835785413012107
2018-06-15,15.555315017700195,-0.0020965789403970536
2018-06-18,15.58799648284912,0.00210098381882573
2018-06-19,15.32656192779541,-0.01677153028237821
2018-06-20,15.686034202575684,0.023454201697273858
2018-06-21,15.52263641357422,-0.010416768629424089
2018-06-22,15.78407096862793,0.016842148980896754
2018-06-25,15.457279205322266,-0.02070389596924571
2018-06-26,15.52263641357422,0.0042282478943287405
2018-06-27,15.293882369995115,-0.014736803561221423
2018-06-28,15.359240531921388,0.0042734840209375236
2018-06-29,15.359240531921388,0.0
2018-07-02,15.391919136047363,0.002127618488561245
2018-07-03,15.228525161743164,-0.010615568653913776
2018-07-05,15.359240531921388,0.008583586971810275
2018-07-06,15.62067413330078,0.01702125836469892
2018-07-09,15.882108688354492,0.016736445099790886
2018-07-10,15.947466850280762,0.004115206815968442
2018-07-11,15.849431037902832,-0.006147422239426326
2018-07-12,15.849431037902832,0.0
2018-07-13,15.653355598449709,-0.01237113426874581
2018-07-16,15.293882369995115,-0.02296461140192807
2018-07-17,15.686034202575684,0.025641091195387045
2018-07-18,16.012825012207028,0.020833233270502793
2018-07-19,16.208900451660153,0.012244899903898876
2018-07-20,16.04550552368164,-0.010080568294302594
2018-07-23,16.143545150756836,0.006110098988810098
2018-07-24,16.43765640258789,0.018218504614970987
2018-07-25,16.503015518188473,0.0039761821271731
2018-07-26,17.156599044799805,0.03960388487128297
2018-07-27,16.699090957641598,-0.026666595516019687
2018-07-30,16.699090957641598,0.0
2018-07-31,17.025882720947266,0.019569434296429433
2018-08-01,16.797126770019528,-0.01343577626352932
2018-08-02,13.46384620666504,-0.1984434962593672
2018-08-03,14.411540985107422,0.07038811673095613
2018-08-06,14.542261123657228,0.009070517766621267
2018-08-07,14.90173053741455,0.024718949185456474
2018-08-08,15.032450675964355,0.008772144833890216
2018-08-09,15.228525161743164,0.013043414543998155
2018-08-10,15.359240531921388,0.008583586971810275
2018-08-13,14.70565414428711,-0.04255330113985245
2018-08-14,14.999770164489744,0.02000019974064826
2018-08-15,14.934412002563477,-0.0043572775588919255
2018-08-16,13.92135524749756,-0.06783372220426398
2018-08-17,14.215468406677244,0.02112676201065633
2018-08-20,14.182791709899902,-0.002298671830046284
2018-08-21,14.346186637878418,0.011520646380533295
2018-08-22,14.24814796447754,-0.006833779308434762
2018-08-23,13.627242088317873,-0.0435780059069899
2018-08-24,14.08475112915039,0.033573120508714194
2018-08-27,14.509583473205565,0.03016257370539721
2018-08-28,14.672974586486816,0.011260909976015698
2018-08-29,15.032450675964355,0.024499196625652253
2018-08-30,14.346186637878418,-0.04565217294763635
2018-08-31,14.346186637878418,0.0
2018-09-04,13.757957458496096,-0.04100247642319199
2018-09-05,14.182791709899902,0.03087916594344864
2018-09-06,14.052071571350098,-0.009216812967686727
2018-09-07,14.182791709899902,0.009302552857496149
2018-09-10,14.019396781921388,-0.011520646380533184
2018-09-11,13.954034805297852,-0.004662253136869965
2018-09-12,13.986713409423828,0.0023418749187560373
2018-09-13,14.157525062561035,0.012212422471037376
2018-09-14,14.51885223388672,0.025521916417523993
2018-09-17,14.5516996383667,0.002262396775642772
2018-09-18,14.420310020446776,-0.009029159561093736
2018-09-19,14.124675750732422,-0.020501242296120492
2018-09-20,14.74878978729248,0.04418607885761161
2018-09-21,15.274359703063965,0.03563478247037688
2018-09-24,14.51885223388672,-0.04946246414674216
2018-09-25,14.584549903869627,0.004524990607010171
2018-09-26,14.354610443115234,-0.015765962081105034
2018-09-27,14.058979034423828,-0.02059487506560631
2018-09-28,14.223217010498049,0.011682069919307647
2018-10-01,13.848750114440918,-0.026327862099041255
2018-10-02,14.16409397125244,0.022770564434020146
2018-10-03,14.131244659423828,-0.0023191961233300917
2018-10-04,13.914447784423828,-0.015341668779007556
2018-10-05,13.645092964172363,-0.019357923823106193
2018-10-08,13.756775856018065,0.008184839204756322
2018-10-09,13.65166187286377,-0.007640887970731258
2018-10-10,13.303474426269531,-0.02550513262318277
2018-10-11,12.935575485229492,-0.027654350228506597
2018-10-12,12.764763832092283,-0.013204797369258947
2018-10-15,12.810750007629396,0.0036025872583320684
2018-10-16,13.237777709960938,0.03333354425597457
2018-10-17,13.007838249206545,-0.017369944245352542
2018-10-18,12.587385177612305,-0.032323055033367076
2018-10-19,12.574247360229492,-0.001043728875968597
2018-10-22,12.712207794189451,0.01097166534168137
2018-10-23,12.48884105682373,-0.017571042023700856
2018-10-24,12.028969764709473,-0.03682257545130585
2018-10-25,12.364019393920898,0.027853559844700282
2018-10-26,12.364019393920898,0.0
2018-10-29,12.226055145263672,-0.01115852735762124
2018-10-30,12.52169132232666,0.024180831310704143
2018-10-31,12.219486236572266,-0.02413452607760347
2018-11-01,12.929003715515137,0.0580644280132927
2018-11-02,13.014409065246582,0.006605717780787446
2018-11-05,13.007838249206545,-0.000504887775318541
2018-11-06,12.955284118652346,-0.004040189426356422
2018-11-07,13.434866905212402,0.03701831485652862
2018-11-08,13.093247413635256,-0.025427828499336003
2018-11-09,11.004108428955078,-0.15955850513483438
2018-11-12,10.51138687133789,-0.04477614527322271
2018-11-13,10.701906204223633,0.01812504241521573
2018-11-14,10.990965843200684,0.027010107681841866
2018-11-15,11.339157104492188,0.031679769208536435
2018-11-16,11.40485668182373,0.005794044189185277
2018-11-19,11.174917221069336,-0.020161538822391023
2018-11-20,10.879284858703612,-0.026454993492778245
2018-11-21,11.102648735046388,0.020531117554485334
2018-11-23,11.023818969726562,-0.007100086402895389
2018-11-26,10.761030197143556,-0.023838269959319258
2018-11-27,10.688766479492188,-0.006715315943500499
2018-11-28,11.201193809509276,0.0479407358183237
2018-11-29,11.063236236572266,-0.012316327641781366
2018-11-30,10.944979667663574,-0.010689147947303579
2018-12-03,11.082942008972168,0.012605079725839685
2018-12-04,10.537665367126465,-0.049199629611368145
2018-12-06,10.892423629760742,0.03366573622094604
2018-12-07,10.491677284240724,-0.03679129265823644
2018-12-10,10.682196617126465,0.01815909198540777
2018-12-11,10.570513725280762,-0.010455049260808869
2018-12-12,10.65591812133789,0.008079493416944583
2018-12-13,10.14660358428955,-0.047796401140551725
2018-12-14,10.001086235046388,-0.014341483633841134
2018-12-17,9.921711921691896,-0.00793656923748387
2018-12-18,10.292122840881348,0.037333367680190355
2018-12-19,10.159832000732422,-0.012853600971750256
2018-12-20,10.265664100646973,0.010416717511364526
2018-12-21,10.067230224609377,-0.019329862548794097
2018-12-24,10.047386169433594,-0.001971153408936055
2018-12-26,10.477325439453123,0.04279115610460971
2018-12-27,10.497170448303224,0.0018940910984184267
2018-12-28,10.563315391540527,0.006301216462384351
2018-12-31,10.490554809570312,-0.006888044072648203
2019-01-02,10.728676795959473,0.02269870285334452
2019-01-03,10.3781099319458,-0.03267568505239149
2019-01-04,10.880810737609863,0.048438570121198454
2019-01-07,10.907266616821287,0.0024314253642863104
2019-01-08,11.013099670410156,0.009702985844836087
2019-01-09,11.085857391357422,0.0066064707597943695
2019-01-10,11.152003288269045,0.0059666920271941315
2019-01-11,11.085857391357422,-0.005931301776175291
2019-01-14,10.960183143615724,-0.011336448170411573
2019-01-15,10.801436424255373,-0.014483947693230026
2019-01-16,11.10570240020752,0.02816902900700291
2019-01-17,11.10570240020752,0.0
2019-01-18,11.218148231506348,0.010125053530763317
2019-01-22,10.953569412231444,-0.023584892427417792
2019-01-23,10.854351997375488,-0.009057998458946392
2019-01-24,10.82789421081543,-0.00243752796725738
2019-01-25,11.066014289855955,0.0219913562512164
2019-01-28,10.74851894378662,-0.02869102982818117
2019-01-29,10.821279525756836,0.006769358862439123
2019-01-30,10.86758041381836,0.00427868885110283
2019-01-31,10.788207054138184,-0.007303682757134333
2019-02-01,10.794821739196776,0.0006131403508848887
2019-02-04,10.900653839111328,0.009803969205926633
2019-02-05,11.03294277191162,0.01213587136632488
2019-02-06,10.808051109313965,-0.020383651691749716
2019-02-07,10.497170448303224,-0.028763803748377503
2019-02-08,10.741907119750977,0.023314537251065692
2019-02-11,11.04617404937744,0.02832522439772478
2019-02-12,11.343823432922363,0.026945925549824112
2019-02-13,11.138775825500488,-0.018075705130139785
2019-02-14,11.224761009216309,0.007719446469060864
2019-02-15,11.535645484924316,0.027696311347096936
2019-02-19,11.992040634155272,0.03956390215245498
2019-02-20,12.329379081726074,0.02813019550734408
2019-02-21,11.727461814880373,-0.04881975506275327
2019-02-22,11.786995887756348,0.005076466998207074
2019-02-25,11.535645484924316,-0.02132438199059017
2019-02-26,11.376896858215332,-0.01376157293637792
2019-02-27,11.376896858215332,0.0
2019-02-28,11.522414207458494,0.012790601080125308
2019-03-01,11.403353691101074,-0.01033294882598057
2019-03-04,11.608404159545898,0.01798159331011906
2019-03-05,11.502568244934082,-0.009117180377010259
2019-03-06,11.476112365722654,-0.0022999975873283507
2019-03-07,11.23137664794922,-0.021325664125110944
2019-03-08,11.072629928588867,-0.014134217410413319
2019-03-11,11.38351058959961,0.028076497003486578
2019-03-12,11.304136276245115,-0.006972744719630941
2019-03-13,11.218148231506348,-0.00760677708030344
2019-03-14,11.05170726776123,-0.014836759178993963
2019-03-15,10.89858055114746,-0.013855480687626875
2019-03-18,11.298038482666016,0.036652289685237927
2019-03-19,12.669516563415527,0.12139081335699986
2019-03-20,12.48310375213623,-0.014713490475049551
2019-03-21,12.30334758758545,-0.014399957584268264
2019-03-22,11.357959747314451,-0.07683988715599077
2019-03-25,11.42453384399414,0.005861448548929005
2019-03-26,11.2913818359375,-0.011654918255298297
2019-03-27,10.891922950744627,-0.035377325025135575
2019-03-28,11.00510311126709,0.010391200987583726
2019-03-29,10.745453834533691,-0.02359353420937671
2019-04-01,11.357959747314451,0.05700140005369447
2019-04-02,11.164887428283691,-0.01699885572110882
2019-04-03,11.25809383392334,0.008348172450313385
2019-04-04,11.431190490722654,0.015375307698869412
2019-04-05,11.684185028076172,0.022131950085062746
2019-04-08,11.764077186584473,0.006837632091269308
2019-04-09,11.404561042785645,-0.030560505350034073
2019-04-10,11.697498321533203,0.025685975781844395
2019-04-11,12.04369831085205,0.02959607086940541
2019-04-12,12.070326805114744,0.0022109898118836124
2019-04-15,12.04369831085205,-0.002206112120461401
2019-04-16,12.13024616241455,0.007186152403412027
2019-04-17,12.11693000793457,-0.0010977645714429496
2019-04-18,12.05035400390625,-0.005494461384585425
2019-04-22,11.89057159423828,-0.013259561471486658
2019-04-23,12.110274314880373,0.018477052923894233
2019-04-24,12.123587608337402,0.0010993387194104809
2019-04-25,11.88391399383545,-0.01976919887452533
2019-04-26,11.97712230682373,0.007843233553914253
2019-04-29,12.27005672454834,0.024457829704027878
2019-04-30,11.99709415435791,-0.022246235393869163
2019-05-01,11.677525520324709,-0.026637169794747284
2019-05-02,11.664213180541992,-0.0011399966336658185
2019-05-03,12.076984405517578,0.03538783273132928
2019-05-06,11.823993682861328,-0.020948170020048007
2019-05-07,11.777392387390137,-0.0039412483396992215
2019-05-08,11.577658653259276,-0.0169590795280552
2019-05-09,11.51108455657959,-0.005750221065719874
2019-05-10,11.437851905822756,-0.0063619244908573735
2019-05-13,11.098309516906738,-0.02968585287794856
2019-05-14,11.065022468566896,-0.0029992899629563974
2019-05-15,11.211491584777832,0.013237127771499768
2019-05-16,11.018420219421388,-0.017220845584773214
2019-05-17,10.77208423614502,-0.02235674247041064
2019-05-20,10.65890407562256,-0.010506802401590076
2019-05-21,10.798715591430664,0.013116875320030363
2019-05-22,10.838662147521973,0.003699195126780408
2019-05-23,10.56569766998291,-0.025184333068400844
2019-05-24,10.552382469177246,-0.0012602292079104682
2019-05-28,10.49246311187744,-0.005678277628282213
2019-05-29,10.53240966796875,0.003807166693404085
2019-05-30,10.539067268371582,0.0006321061003806694
2019-05-31,10.37928295135498,-0.015161144050776176
2019-06-03,10.685535430908203,0.02950613072102848
2019-06-04,10.958498001098633,0.025545053119273575
2019-06-05,10.798715591430664,-0.014580685204482413
2019-06-06,10.692193031311035,-0.009864373148614103
2019-06-07,10.885265350341797,0.018057317003665085
2019-06-10,10.925210952758787,0.003669694870206852
2019-06-11,10.818687438964844,-0.009750247775952015
2019-06-12,10.878607749938965,0.00553859341183216
2019-06-13,10.898715019226074,0.0018483311237342814
2019-06-14,10.70433521270752,-0.017835112320641056
2019-06-17,10.711036682128906,0.0006260519021705768
2019-06-18,10.851797103881836,0.013141624469252822
2019-06-19,10.85849952697754,0.0006176325480051759
2019-06-20,11.240558624267578,0.03518525707357867
2019-06-21,10.99925708770752,-0.02146704133005506
2019-06-24,10.85849952697754,-0.012797006162105773
2019-06-25,10.644009590148926,-0.01975318378895008
2019-06-26,10.75795841217041,0.010705441502697033
2019-06-27,10.985851287841797,0.021183654643391447
2019-06-28,11.14001750946045,0.014033161161508767
2019-07-01,11.240558624267578,0.009025220536839074
2019-07-02,11.005958557128906,-0.0208708548196338
2019-07-03,11.113204002380373,0.009744307567104205
2019-07-05,11.193639755249023,0.007237854434366753
2019-07-08,11.193639755249023,0.0
2019-07-09,11.193639755249023,0.0
2019-07-10,11.334395408630373,0.012574609908751588
2019-07-11,11.14001750946045,-0.01714938399113186
2019-07-12,11.36120891571045,0.019855570789018673
2019-07-15,11.066285133361816,-0.025958838054708
2019-07-16,11.314288139343262,0.022410682807529003
2019-07-17,11.180232048034668,-0.011848389369052748
2019-07-18,11.2137451171875,0.002997528942945582
2019-07-19,11.133312225341797,-0.007172705550656966
2019-07-22,11.07298755645752,-0.005418393705600488
2019-07-23,11.227152824401855,0.013922644377436288
2019-07-24,11.314288139343262,0.0077611230829619515
2019-07-25,11.294180870056152,-0.0017771572581035677
2019-07-26,11.381315231323242,0.007714978383080995
2019-07-29,11.22044849395752,-0.014134283612757814
2019-07-30,11.287477493286133,0.00597382532121693
2019-07-31,11.173529624938965,-0.01009506937355531
2019-08-01,10.932229042053224,-0.021595734829141677
2019-08-02,10.744551658630373,-0.017167348278279704
2019-08-05,10.630603790283203,-0.010605176648356807
2019-08-06,10.570280075073242,-0.005674533300272122
2019-08-07,10.637307167053224,0.006341089498474561
2019-08-08,11.019366264343262,0.035916899953155834
2019-08-09,11.44163990020752,0.0383210454879479
2019-08-12,12.064998626708984,0.05448158934718439
2019-08-13,12.19235134124756,0.0105555515154927
2019-08-14,11.78348445892334,-0.033534703100376984
2019-08-15,11.716455459594728,-0.005688385261784945
2019-08-16,12.064998626708984,0.029748174976317543
2019-08-19,12.29959487915039,0.01944436627800905
2019-08-20,12.105216026306152,-0.015803679288147854
2019-08-21,12.158838272094728,0.004429681029404886
2019-08-22,11.830401420593262,-0.02701219015761147
2019-08-23,11.434938430786133,-0.03342768987692535
2019-08-26,11.515371322631836,0.007033959328469619
2019-08-27,11.37461280822754,-0.0122235323951434
2019-08-28,11.528778076171877,0.013553451932255989
2019-08-29,11.66283130645752,0.01162770498312482
2019-08-30,11.58910083770752,-0.006321832736205013
2019-09-03,11.381315231323242,-0.017929398431688837
2019-09-04,11.522074699401855,0.01236759242826535
2019-09-05,11.877320289611816,0.030831738161565925
2019-09-06,11.944350242614744,0.0056435249171107316
2019-09-09,12.064998626708984,0.010100874609637156
2019-09-10,12.413544654846191,0.028889023440550554
2019-09-11,12.989981651306152,0.04643613186141171
2019-09-12,13.10463809967041,0.008826528892958763
2019-09-13,13.306976318359377,0.015440198893707402
2019-09-16,13.327208518981935,0.0015204205777870072
2019-09-17,13.340699195861816,0.001012265761480835
2019-09-18,13.08440399169922,-0.019211527102124926
2019-09-19,12.956260681152346,-0.009793591716380057
2019-09-20,12.598798751831056,-0.027589899440761845
2019-09-23,12.821368217468262,0.017665927523833114
2019-09-24,12.686477661132812,-0.010520761438835402
2019-09-25,13.212553977966309,0.04146748458362248
2019-09-26,13.08440399169922,-0.009699107869742263
2019-09-27,13.239529609680176,0.011855764930475132
2019-09-30,13.165342330932615,-0.005603467867417167
2019-10-01,12.828112602233888,-0.02561496087392956
2019-10-02,12.767412185668944,-0.0047318275452598035
2019-10-03,12.63926601409912,-0.010036973014285855
2019-10-04,12.902302742004396,0.02081107618210254
2019-10-07,12.909048080444336,0.0005228011289784007
2019-10-08,12.713456153869627,-0.015151537538310555
2019-10-09,12.787646293640137,0.005835560281373775
2019-10-10,12.794389724731444,0.0005273395069318454
2019-10-11,13.097894668579102,0.023721721033789223
2019-10-14,13.131616592407228,0.0025746064296137128
2019-10-15,13.077659606933596,-0.004108937014261516
2019-10-16,13.077659606933596,0.0
2019-10-17,13.239529609680176,0.012377597185719624
2019-10-18,13.15859603881836,-0.006113024650259535
2019-10-21,13.27999782562256,0.009226044058656457
2019-10-22,13.273252487182615,-0.0005079321946069859
2019-10-23,13.27999782562256,0.000508190320831936
2019-10-24,13.050683975219728,-0.01726761204436278
2019-10-25,13.239529609680176,0.014470171434617596
2019-10-28,13.50931453704834,0.020377229049807655
2019-10-29,13.725136756896973,0.0159758083399979
2019-10-30,13.495823860168455,-0.01670751270389248
2019-10-31,13.408143997192385,-0.0064968144134459616
2019-11-01,13.623967170715332,0.016096424200705117
2019-11-04,13.711649894714355,0.006435917152494142
2019-11-05,13.89375114440918,0.01328076862325811
2019-11-06,13.900493621826172,0.0004852884830677251
2019-11-07,14.520992279052734,0.04463860594506319
2019-11-08,14.790775299072266,0.018578828143081205
2019-11-11,14.831242561340332,0.002735979788064613
2019-11-12,14.999855041503904,0.011368735927971718
2019-11-13,15.101022720336914,0.006744577101117422
2019-11-14,15.040321350097654,-0.004019686041364046
2019-11-15,14.831242561340332,-0.013901218191456066
2019-11-18,14.520992279052734,-0.020918697877432613
2019-11-19,14.5614595413208,0.0027868110863500384
2019-11-20,14.440056800842283,-0.008337264553324175
2019-11-21,14.291677474975586,-0.010275536163960375
2019-11-22,14.25795555114746,-0.0023595497370531016
2019-11-25,14.5614595413208,0.02128664162856908
2019-11-26,14.635649681091309,0.005094965896789372
2019-11-27,14.662627220153809,0.0018432758128499316
2019-11-29,14.520992279052734,-0.009659588215295889
2019-12-02,14.5075044631958,-0.0009288494613683973
2019-12-03,14.332145690917969,-0.0120874525817104
2019-12-04,14.50075912475586,0.011764702751015044
2019-12-05,14.514249801635742,0.000930342802319295
2019-12-06,15.094277381896973,0.03996262901551151
2019-12-09,15.181957244873049,0.005808814874518786
2019-12-10,15.37754726409912,0.012883056912317503
2019-12-11,15.566397666931152,0.012280918379807382
2019-12-12,15.803689002990724,0.015243818199740966
2019-12-13,15.70877170562744,-0.006006021590612365
2019-12-16,15.39012336730957,-0.020284739271098973
2019-12-17,15.274864196777346,-0.007489164822229388
2019-12-18,15.11215114593506,-0.010652340259536541
2019-12-19,15.037574768066404,-0.004934861830621418
2019-12-20,14.773162841796877,-0.017583415567185012
2019-12-23,14.929095268249512,0.010555114576511926
2019-12-24,14.976554870605469,0.0031790005692369228
2019-12-26,14.935877799987791,-0.002716049917295349
2019-12-27,14.840959548950195,-0.006355050055221634
2019-12-30,14.929095268249512,0.005938680649901107
2019-12-31,15.15282917022705,0.014986434071015964
2020-01-02,15.11893081665039,-0.0022370973232684888
2020-01-03,14.874857902526855,-0.016143530060653388
2020-01-06,14.88163948059082,0.0004559087628537295
2020-01-07,14.759603500366213,-0.008200439231428214
2020-01-08,14.603665351867676,-0.010565199024124672
2020-01-09,14.488411903381348,-0.007892090492993109
2020-01-10,14.352813720703123,-0.00935907838502148
2020-01-13,14.508749961853027,0.010864506722119138
2020-01-14,14.67824363708496,0.011682169427247091
2020-01-15,14.712142944335938,0.0023094934304899173
2020-01-16,14.983336448669435,0.01843331086161748
2020-01-17,15.132490158081056,0.009954639270271848
2020-01-21,14.651123046875,-0.03181017176799528
2020-01-22,14.576546669006348,-0.005090147535451783
2020-01-23,14.766382217407228,0.013023355442926876
2020-01-24,14.624006271362305,-0.009641897652973186
2020-01-27,14.298574447631836,-0.02225326067917177
2020-01-28,14.25789737701416,-0.0028448339914342036
2020-01-29,14.12230110168457,-0.009510257490574436
2020-01-30,14.054503440856935,-0.004800751686249494
2020-01-31,13.796871185302734,-0.01833093973318578
2020-02-03,13.701953887939451,-0.006879624814095098
2020-02-04,13.810430526733398,0.007916873730645646
2020-02-05,14.366374015808104,0.040255333676856964
2020-02-06,14.149420738220217,-0.015101463831385775
2020-02-07,14.020604133605955,-0.009104019662536711
2020-02-10,13.97992706298828,-0.0029012352271023945
2020-02-11,14.291796684265137,0.022308386865803387
2020-02-12,14.217217445373535,-0.00521832492717389
2020-02-13,14.10196018218994,-0.008106879115160615
2020-02-14,13.946025848388672,-0.0110576353773999
2020-02-18,13.783313751220703,-0.011667273453875637
2020-02-19,13.72229290008545,-0.004427153893224678
2020-02-20,13.844329833984377,0.008893333992176178
2020-02-21,13.559577941894531,-0.020568123954317397
2020-02-24,13.20024871826172,-0.02650003010216151
2020-02-25,12.37989616394043,-0.06214674979467505
2020-02-26,12.18328094482422,-0.015881814880556178
2020-02-27,11.53920078277588,-0.05286590409966385
2020-02-28,11.56632137298584,0.0023503005728473525
2020-03-02,11.600220680236816,0.0029308633365618952
2020-03-03,11.586658477783203,-0.001169133142158163
2020-03-04,11.912090301513672,0.028086771035365166
2020-03-05,11.32902717590332,-0.048947171390755995
2020-03-06,11.02393627166748,-0.026930017864619793
2020-03-09,9.49848461151123,-0.13837631337517797
2020-03-10,9.871374130249023,0.03925779047806088
2020-03-11,9.410347938537598,-0.04670334500834039
2020-03-12,7.74165153503418,-0.17732568597912435
2020-03-13,8.890589714050293,0.1484099579807605
2020-03-16,8.617033004760742,-0.030769242321151524
2020-03-17,11.311566352844238,0.3126985061557521
2020-03-18,9.854876518249512,-0.12877879058972663
2020-03-19,10.046366691589355,0.01943100687108945
2020-03-20,9.1162748336792,-0.09257992331584042
2020-03-23,9.239375114440918,0.013503353399015205
2020-03-24,9.677064895629885,0.047372227641766296
2020-03-25,9.533448219299316,-0.014840933473064255
2020-03-26,10.443023681640623,0.09540886376242974
2020-03-27,9.998494148254396,-0.04256712872994173
2020-03-30,10.757613182067873,0.07592333631019921
2020-03-31,10.689224243164062,-0.006357259528331993
2020-04-01,10.436184883117676,-0.02367237830268265
2020-04-02,10.340439796447754,-0.00917433791584188
2020-04-03,9.73861598968506,-0.05820098744440616
2020-04-06,10.272051811218262,0.05477532147259989
2020-04-07,9.745453834533691,-0.05126512077260603
2020-04-08,10.101078033447266,0.036491291729626285
2020-04-09,10.40882968902588,0.03046720900081845
2020-04-13,10.89439296722412,0.04664917120415302
2020-04-14,11.031169891357422,0.012554799936517647
2020-04-15,10.566123962402344,-0.042157444181820436
2020-04-16,10.812325477600098,0.02330102467790618
2020-04-17,11.208982467651367,0.03668563167775729
2020-04-20,10.552447319030762,-0.05857223441247561
2020-04-21,10.360956192016602,-0.018146608196642378
2020-04-22,10.54560661315918,0.017821754838115877
2020-04-23,10.54560661315918,0.0
2020-04-24,10.586640357971191,0.003891074863423105
2020-04-27,10.757613182067873,0.016149866087398435
2020-04-28,10.921748161315918,0.015257564709767246
2020-04-29,11.762935638427734,0.0770194903496535
2020-04-30,11.270533561706545,-0.04186047529772985
2020-05-01,11.099559783935549,-0.015169980803030225
2020-05-04,11.263694763183596,0.014787521527259262
2020-05-05,10.921748161315918,-0.030358297970339287
2020-05-06,10.189983367919922,-0.06700070195610774
2020-05-07,10.094240188598633,-0.009395813110226192
2020-05-08,10.99697494506836,0.08943067923917236
2020-05-11,10.39515209197998,-0.0547262184459435
2020-05-12,9.560803413391112,-0.08026324879196156
2020-05-13,9.31460189819336,-0.02575113246789651
2020-05-14,9.150468826293944,-0.01762105065716768
2020-05-15,9.45822048187256,0.03363233747043548
2020-05-18,10.333600997924805,0.09255234826995018
2020-05-19,9.677064895629885,-0.06353410610945454
2020-05-20,10.176305770874023,0.05159011338960773
2020-05-21,10.073721885681152,-0.010080660654525508
2020-05-22,10.101078033447266,0.0027155948989416867
2020-05-26,10.34727954864502,0.024373786083279114
2020-05-27,10.826003074645996,0.046265641490633724
2020-05-28,10.7986478805542,-0.002526804574428887
2020-05-29,10.470379829406738,-0.030398995761181657
2020-06-01,10.908068656921388,0.04180257398928089
2020-06-02,10.7986478805542,-0.010031177819710524
2020-06-03,11.106399536132812,0.028499091643945595
2020-06-04,11.462021827697756,0.03201958388116566
2020-06-05,12.043331146240234,0.05071612384629698
2020-06-08,12.22797966003418,0.015332013340145556
2020-06-09,11.735577583312988,-0.04026847364904884
2020-06-10,11.250017166137695,-0.04137507623533754
2020-06-11,10.490896224975586,-0.06747731402997736
2020-06-12,10.504573822021484,0.0013037586830129122
2020-06-15,10.689224243164062,0.01757809733846427
2020-06-16,11.15427017211914,0.04350605042760547
2020-06-17,10.72342014312744,-0.03862646523200053
2020-06-18,10.564910888671877,-0.01478159508253063
2020-06-19,10.613152503967283,0.004566211282210908
2020-06-22,10.806118965148926,0.01818182308315186
2020-06-23,10.695852279663086,-0.010204096941877405
2020-06-24,10.427078247070312,-0.025128809333297863
2020-06-25,10.399511337280272,-0.0026437808499026882
2020-06-26,10.10317039489746,-0.028495660302853554
2020-06-29,10.440860748291016,0.033424196583292876
2020-06-30,10.613152503967283,0.01650168121478579
2020-07-01,10.254786491394045,-0.03376621719505857
2020-07-02,10.392619132995604,0.013440810466139874
2020-07-06,10.633828163146973,0.023209647834158798
2020-07-07,10.468427658081056,-0.01555418260745789
2020-07-08,10.427078247070312,-0.003949916105961182
2020-07-09,10.199652671813965,-0.02181105481971879
2020-07-10,10.22722053527832,0.002702823748159222
2020-07-13,10.247894287109377,0.0020214438282368796
2020-07-14,10.413294792175291,0.016139950357798805
2020-07-15,10.716527938842772,0.029119808160557925
2020-07-16,10.750986099243164,0.0032154220655271626
2020-07-17,10.785444259643556,0.003205116263969243
2020-07-20,10.599370002746582,-0.01725234977971357
2020-07-21,10.771660804748535,0.01625481532933626
2020-07-22,10.72342014312744,-0.00447847945600266
2020-07-23,10.888818740844728,0.01542405272848435
2020-07-24,10.847468376159668,-0.0037975069352520485
2020-07-27,11.18515968322754,0.031130886521876677
2020-07-28,11.095568656921388,-0.0080098120047849
2020-07-29,11.295425415039062,0.018012304217774666
2020-07-30,10.971519470214844,-0.028675851764995097
2020-07-31,10.943952560424805,-0.0025125881483304413
2020-08-03,11.136919021606444,0.017632245764609644
2020-08-04,11.212727546691896,0.0068069566581545615
2020-08-05,11.502177238464355,0.025814387317192544
2020-08-06,12.4256591796875,0.0802875770454079
2020-08-07,12.646191596984863,0.017748146324331193
2020-08-10,12.908073425292969,0.020708355262508027
2020-08-11,12.990775108337402,0.0064069733971594545
2020-08-12,12.963207244873049,-0.0021221107466220523
2020-08-13,12.88740062713623,-0.005847828882532102
2020-08-14,12.646191596984863,-0.018716654904284424
2020-08-17,12.473899841308596,-0.013624003270466534
2020-08-18,12.43944263458252,-0.0027623443481538112
2020-08-19,12.377416610717772,-0.004986238185006098
2020-08-20,12.349849700927734,-0.0022271941437412845
2020-08-21,12.21890926361084,-0.010602593593269205
2020-08-24,12.418766975402832,0.016356428178674554
2020-08-25,12.377416610717772,-0.003329667491705157
2020-08-26,11.95013427734375,-0.03452112398026841
2020-08-27,11.922566413879396,-0.0023069082593172308
2020-08-28,12.01215934753418,0.007514567798966976
2020-08-31,11.667574882507324,-0.028686304856386236
2020-09-01,11.977699279785154,0.02658002201835319
2020-09-02,12.046618461608888,0.0057539582697696545
2020-09-03,11.888108253479006,-0.013158066608902397
2020-09-04,12.060400009155272,0.014492781526097342
2020-09-08,11.688249588012695,-0.03085722039568095
2020-09-09,11.674468994140623,-0.0011790126287348768
2020-09-10,11.081786155700684,-0.05076743436788478
2020-09-11,11.21961784362793,0.012437678005214226
2020-09-14,11.295425415039062,0.006756698175258036
2020-09-15,10.978410720825195,-0.02806575959430302
2020-09-16,11.109353065490724,0.011927258689378606
2020-09-17,11.275992393493652,0.01499991286806468
2020-09-18,11.088521003723145,-0.016625710911146063
2020-09-21,10.38724422454834,-0.06324349107868754
2020-09-22,10.484452247619627,0.00935840353513151
2020-09-23,10.081737518310549,-0.038410659879776765
2020-09-24,10.262263298034668,0.017906216998433644
2020-09-25,10.144227027893066,-0.011501972490240653
2020-09-28,10.46362018585205,0.031485213913368115
2020-09-29,10.41501808166504,-0.004644865096759321
2020-09-30,10.324753761291504,-0.008666746391198465
2020-10-01,10.449734687805176,0.012104978908285213
2020-10-02,10.69275188446045,0.023255824565467043
2020-10-05,11.03297519683838,0.031818124656232794
2020-10-06,10.894107818603516,-0.012586575765588526
2020-10-07,10.998258590698242,0.009560284681309206
2020-10-08,11.019087791442873,0.0018938635214711397
2020-10-09,10.977428436279297,-0.003780653712181836
2020-10-12,11.00520133972168,0.00253000086528421
2020-10-13,10.803845405578612,-0.018296433470626594
2020-10-14,10.79690170288086,-0.0006427065953912292
2020-10-15,10.94271183013916,0.0135048119609531
2020-10-16,11.039917945861816,0.008883183367300651
2020-10-19,10.783013343811035,-0.02327051734538288
2020-10-20,10.66497802734375,-0.010946412909247916
2020-10-21,10.67886447906494,0.0013020609780522996
2020-10-22,10.866333961486816,0.017555188830179036
2020-10-23,10.845504760742188,-0.0019168563030046437
2020-10-26,10.595544815063477,-0.02304733170036477
2020-10-27,10.49139404296875,-0.00982967595461981
2020-10-28,9.97758674621582,-0.04897416822288547
2020-10-29,10.234489440917969,0.0257479790691455
2020-10-30,10.123395919799805,-0.010854818089313434
2020-11-02,10.380300521850586,0.025377314498617576
2020-11-03,10.65109157562256,0.026087014841425615
2020-11-04,10.116454124450684,-0.050195554828907474
2020-11-05,10.408073425292969,0.0288262366689791
2020-11-06,10.095623016357422,-0.03002000429553575
2020-11-09,10.63720417022705,0.05364514433553369
2020-11-10,11.289878845214846,0.06135772751402069
2020-11-11,11.095464706420898,-0.017220214801184408
2020-11-12,10.63720417022705,-0.04130160820832085
2020-11-13,10.880221366882324,0.022845965233558863
2020-11-16,11.109352111816406,0.021059382636415824
2020-11-17,11.067691802978516,-0.003750021461069619
2020-11-18,10.817730903625488,-0.022584736167459818
2020-11-19,11.039917945861816,0.020539154117973357
2020-11-20,10.977428436279297,-0.00566032373510017
2020-11-23,11.164898872375488,0.01707780990642771
2020-11-24,11.928666114807127,0.06840789613611054
2020-11-25,11.484292030334473,-0.03725262155850351
2020-11-27,11.331539154052734,-0.013301026818044903
2020-11-30,10.977428436279297,-0.03125001052013221
2020-12-01,11.52595329284668,0.049968429286640914
2020-12-02,14.962907791137695,0.2981926449783623
2020-12-03,14.858757972717283,-0.006960533331769825
2020-12-04,15.643356323242188,0.052803764080788795
2020-12-07,15.69890308380127,0.0035508211544446056
2020-12-08,16.15022087097168,0.0287483644405766
2020-12-09,16.025239944458008,-0.007738651224164506
2020-12-10,15.37613582611084,-0.040505110725137516
2020-12-11,14.524619102478027,-0.0553791104125666
2020-12-14,13.645183563232422,-0.060547924392424624
2020-12-15,13.749879837036133,0.007672764042971236
2020-12-16,13.81967544555664,0.005076088616608132
2020-12-17,13.617266654968262,-0.01464642142905448
2020-12-18,14.273353576660154,0.04818051510010779
2020-12-21,15.03236198425293,0.053176599564793925
2020-12-22,15.249222755432127,0.01442626058408969
2020-12-23,16.077234268188473,0.054298604331252776
2020-12-24,15.81108856201172,-0.016554197179509123
2020-12-28,16.284238815307614,0.02992521681478033
2020-12-29,16.333524703979492,0.0030266007045751664
2020-12-30,16.244808197021484,-0.005431559235735128
2020-12-31,16.461669921875,0.013349602052751708
2021-01-04,15.95894718170166,-0.030538987998131262
2021-01-05,16.461669921875,0.03150099655381755
2021-01-06,17.210821151733402,0.04550882343126661
2021-01-07,17.053104400634766,-0.00916381326074911
2021-01-08,16.461669921875,-0.03468192446753282
2021-01-11,16.629243850708008,0.01017964335503585
2021-01-12,16.737672805786133,0.006520377958947776
2021-01-13,16.5799560546875,-0.009422860210537176
2021-01-14,16.92496109008789,0.020808561510200718
2021-01-15,16.185665130615234,-0.04368080703627886
2021-01-19,16.077234268188473,-0.006699191015738015
2021-01-20,15.95894718170166,-0.007357427559593566
2021-01-21,15.367509841918944,-0.037059922126996714
2021-01-22,15.446368217468262,0.0051314999216209856
2021-01-25,15.446368217468262,0.0
2021-01-26,15.337939262390137,-0.007019705444772595
2021-01-27,14.71692943572998,-0.0404884786695513
2021-01-28,14.657785415649414,-0.004018774455558316
2021-01-29,14.381781578063965,-0.018829845693522973
2021-02-01,14.667643547058104,0.019876672958943686
2021-02-02,14.549355506896973,-0.008064556503682985
2021-02-03,14.549355506896973,0.0
2021-02-04,14.973217964172363,0.02913273079858847
2021-02-05,14.963361740112305,-0.0006582569013315887
2021-02-08,15.387224197387695,0.028326686518520994
2021-02-09,15.61394214630127,0.014734168164785899
2021-02-10,15.337939262390137,-0.01767669441355746
2021-02-11,15.27879524230957,-0.003856060391736693
2021-02-12,15.130935668945312,-0.009677436670844974
2021-02-16,14.95350456237793,-0.011726380340876252
2021-02-17,14.983076095581056,0.001977565398115999
2021-02-18,14.746501922607422,-0.015789426114134697
2021-02-19,15.111220359802244,0.02473253922245
2021-02-22,14.904217720031738,-0.0136986050657536
2021-02-23,14.864789009094238,-0.002645473360504247
2021-02-24,15.35765266418457,0.033156451449717794
2021-02-25,15.150650024414062,-0.013478794207480438
2021-02-26,15.022504806518556,-0.008458067323118823
2021-03-01,15.643513679504396,0.04133857043043654
2021-03-02,15.544941902160645,-0.006301127698241982
2021-03-03,16.116662979125973,0.03677859206960843
2021-03-04,16.116662979125973,0.0
2021-03-05,16.895389556884766,0.0483181027466657
2021-03-08,17.536115646362305,0.03792313206631248
2021-03-09,17.45725440979004,-0.00449707553044254
2021-03-10,18.058549880981445,0.034443873995111174
2021-03-11,17.969249725341797,-0.004945034691500649
2021-03-12,17.681501388549805,-0.016013375137537533
2021-03-15,17.41360092163086,-0.015151454677510112
2021-03-16,17.1258544921875,-0.016524234748364175
2021-03-17,16.550363540649414,-0.033603634306283214
2021-03-18,16.480907440185547,-0.004196651045958899
2021-03-19,16.242773056030273,-0.014449106338321416
2021-03-22,15.677202224731444,-0.03481984445315245
2021-03-23,15.121554374694824,-0.035443049217038336
2021-03-24,15.101710319519045,-0.001312302603559523
2021-03-25,15.32992172241211,0.015111626303551784
2021-03-26,15.568056106567385,0.01553395956400272
2021-03-29,15.071942329406738,-0.03186741965500506
2021-03-30,14.99256420135498,-0.005266615696696508
2021-03-31,14.89334201812744,-0.0066180929356015605
2021-04-01,15.250543594360352,0.023983977256289757
2021-04-05,15.121554374694824,-0.008458007996070882
2021-04-06,15.161243438720703,0.002624668274334052
2021-04-07,14.764352798461914,-0.026177974244853797
2021-04-08,14.982643127441404,0.014784957522975928
2021-04-09,15.111631393432615,0.008609179628323638
2021-04-12,15.26046657562256,0.009849047949556766
2021-04-13,15.042176246643065,-0.014304302420752868
2021-04-14,15.091787338256836,0.003298132584029778
2021-04-15,15.101710319519045,0.0006575086860025614
2021-04-16,15.359688758850098,0.017082729960567145
2021-04-19,14.982643127441404,-0.024547739041355432
2021-04-20,14.764352798461914,-0.014569547383777803
2021-04-21,15.091787338256836,0.022177371691431746
2021-04-22,14.764352798461914,-0.021696206847872435
2021-04-23,14.813963890075684,0.0033601941304828298
2021-04-26,14.665128707885742,-0.010046951868814213
2021-04-27,14.506372451782228,-0.010825425351919882
2021-04-28,14.625439643859863,0.008207923274643703
2021-04-29,14.694896697998049,0.004749057520971434
2021-04-30,14.506372451782228,-0.012829232494128595
2021-05-03,14.9727201461792,0.03214778166954324
2021-05-04,15.24062156677246,0.017892635271195223
2021-05-05,15.161243438720703,-0.005208326163338106
2021-05-06,15.32992172241211,0.011125623328533507
2021-05-07,14.982643127441404,-0.02265364437334272
2021-05-10,14.68497371673584,-0.01986761669310333
2021-05-11,15.171165466308596,0.033108111662376594
2021-05-12,14.714740753173828,-0.030085013188233534
2021-05-13,15.161243438720703,0.030343904322647886
2021-05-14,15.57797908782959,0.027486904408155155
2021-05-17,15.955025672912598,0.024203818926524123
2021-05-18,15.379533767700195,-0.03606963204010605
2021-05-19,15.23069953918457,-0.00967742135513916
2021-05-20,15.300155639648438,0.004560269886827895
2021-05-21,15.51844596862793,0.01426719662993614
2021-05-24,15.379533767700195,-0.008951424724393142
2021-05-25,14.952875137329102,-0.027741974289698823
2021-05-26,15.210854530334473,0.017252828679170662
2021-05-27,15.210854530334473,0.0
2021-05-28,15.121554374694824,-0.005870817807215212
2021-06-01,15.528367042541506,0.026902834045120505
2021-06-02,15.359688758850098,-0.010862589944538037
2021-06-03,15.568056106567385,0.013565857419944649
2021-06-04,15.538290023803713,-0.0019119973977428373
2021-06-07,15.200932502746582,-0.021711367244421353
2021-06-08,15.171165466308596,-0.001958237524744444
2021-06-09,15.002487182617188,-0.01111834710826931
2021-06-10,15.042176246643065,0.0026454989457924682
2021-06-11,15.439067840576172,0.026385250872305255
2021-06-14,15.29023265838623,-0.009640166344679235
2021-06-15,15.92525863647461,0.04153147910016175
2021-06-16,15.31999969482422,-0.038006223664344585
2021-06-17,14.829999923706056,-0.03198431990071826
2021-06-18,14.1899995803833,-0.04315578871310055
2021-06-21,14.260000228881836,0.004933097291652144
2021-06-22,14.15999984741211,-0.007012649359372958
2021-06-23,13.970000267028809,-0.01341804960669013
2021-06-24,13.90999984741211,-0.0042949476356352045
2021-06-25,13.880000114440918,-0.0021567026096533937
2021-06-28,13.510000228881836,-0.026657052053921104
2021-06-29,13.56999969482422,0.004441115094440784
2021-06-30,13.770000457763672,0.014738450069069264
2021-07-01,13.710000038146973,-0.004357328803345828
2021-07-02,13.34000015258789,-0.026987591869408245
2021-07-06,13.06999969482422,-0.020239914143576065
2021-07-07,12.949999809265137,-0.009181322751415588
2021-07-08,12.720000267028809,-0.017760582673659542
2021-07-09,12.970000267028809,0.019654087637719586
2021-07-12,13.119999885559082,0.011565120697151432
2021-07-13,13.130000114440918,0.0007622125738615537
2021-07-14,12.9399995803833,-0.014470718385496961
2021-07-15,13.050000190734863,0.0085008202410084
2021-07-16,12.859999656677244,-0.014559427684339377
2021-07-19,12.380000114440918,-0.03732500428078145
2021-07-20,12.460000038146973,0.006462029318783147
2021-07-21,12.640000343322756,0.014446252377584345
2021-07-22,12.489999771118164,-0.011867133554615106
2021-07-23,12.529999732971191,0.0032025590541260307
2021-07-26,12.890000343322756,0.028731094814333114
2021-07-27,12.859999656677244,-0.002327438777847024
2021-07-28,12.869999885559082,0.0007776227953975035
2021-07-29,13.029999732971191,0.01243200068646777
2021-07-30,13.06999969482422,0.003069835968746215
2021-08-02,12.869999885559082,-0.015302204585692425
2021-08-03,13.039999961853027,0.013209019254514232
2021-08-04,12.579999923706056,-0.03527607664820909
2021-08-05,12.65999984741211,0.006359294450813069
2021-08-06,13.18000030517578,0.0410742862583815
2021-08-09,12.899999618530272,-0.02124436116557238
2021-08-10,13.149999618530272,0.019379845534327478
2021-08-11,13.079999923706056,-0.005323170863486215
2021-08-12,12.979999542236328,-0.007645289147784173
2021-08-13,12.8100004196167,-0.013097005286206609
2021-08-16,12.81999969482422,0.0007805835191236898
2021-08-17,12.779999732971191,-0.0031201219036829375
2021-08-18,12.56999969482422,-0.01643192821085826
2021-08-19,12.359999656677244,-0.016706447354445486
